ISO-10303-21;
HEADER;
FILE_DESCRIPTION(('Open CASCADE Model'),'2;1');
FILE_NAME('Open CASCADE Shape Model','2026-09-30T02:40:03',('Author'),(
    'Open CASCADE'),'Open CASCADE STEP processor 7.8','Open CASCADE 7.8'
  ,'Unknown');
FILE_SCHEMA(('AUTOMOTIVE_DESIGN { 1 0 10303 214 1 1 1 1 }'));
ENDSEC;
DATA;
#1 = APPLICATION_PROTOCOL_DEFINITION('international standard',
  'automotive_design',2000,#2);
#2 = APPLICATION_CONTEXT(
  'core data for automotive mechanical design processes');
#3 = SHAPE_DEFINITION_REPRESENTATION(#4,#10);
#4 = PRODUCT_DEFINITION_SHAPE('','',#5);
#5 = PRODUCT_DEFINITION('design','',#6,#9);
#6 = PRODUCT_DEFINITION_FORMATION('','',#7);
#7 = PRODUCT('upright_stowed_handle','upright_stowed_handle','',(#8));
#8 = PRODUCT_CONTEXT('',#2,'mechanical');
#9 = PRODUCT_DEFINITION_CONTEXT('part definition',#2,'design');
#10 = SHAPE_REPRESENTATION('',(#11,#15,#19,#23),#27);
#11 = AXIS2_PLACEMENT_3D('',#12,#13,#14);
#12 = CARTESIAN_POINT('',(0.,0.,0.));
#13 = DIRECTION('',(0.,0.,1.));
#14 = DIRECTION('',(1.,0.,-0.));
#15 = AXIS2_PLACEMENT_3D('',#16,#17,#18);
#16 = CARTESIAN_POINT('',(0.,0.,0.));
#17 = DIRECTION('',(0.,0.,1.));
#18 = DIRECTION('',(1.,0.,-0.));
#19 = AXIS2_PLACEMENT_3D('',#20,#21,#22);
#20 = CARTESIAN_POINT('',(0.,0.,0.));
#21 = DIRECTION('',(0.,0.,1.));
#22 = DIRECTION('',(1.,0.,-0.));
#23 = AXIS2_PLACEMENT_3D('',#24,#25,#26);
#24 = CARTESIAN_POINT('',(0.,0.,0.));
#25 = DIRECTION('',(0.,0.,1.));
#26 = DIRECTION('',(1.,0.,-0.));
#27 = ( GEOMETRIC_REPRESENTATION_CONTEXT(3) 
GLOBAL_UNCERTAINTY_ASSIGNED_CONTEXT((#31)) GLOBAL_UNIT_ASSIGNED_CONTEXT(
(#28,#29,#30)) REPRESENTATION_CONTEXT('Context #1',
  '3D Context with UNIT and UNCERTAINTY') );
#28 = ( LENGTH_UNIT() NAMED_UNIT(*) SI_UNIT(.MILLI.,.METRE.) );
#29 = ( NAMED_UNIT(*) PLANE_ANGLE_UNIT() SI_UNIT($,.RADIAN.) );
#30 = ( NAMED_UNIT(*) SI_UNIT($,.STERADIAN.) SOLID_ANGLE_UNIT() );
#31 = UNCERTAINTY_MEASURE_WITH_UNIT(LENGTH_MEASURE(1.E-07),#28,
  'distance_accuracy_value','confusion accuracy');
#32 = PRODUCT_RELATED_PRODUCT_CATEGORY('part',$,(#7));
#33 = SHAPE_DEFINITION_REPRESENTATION(#34,#40);
#34 = PRODUCT_DEFINITION_SHAPE('','',#35);
#35 = PRODUCT_DEFINITION('design','',#36,#39);
#36 = PRODUCT_DEFINITION_FORMATION('','',#37);
#37 = PRODUCT('handle_frame','handle_frame','',(#38));
#38 = PRODUCT_CONTEXT('',#2,'mechanical');
#39 = PRODUCT_DEFINITION_CONTEXT('part definition',#2,'design');
#40 = ADVANCED_BREP_SHAPE_REPRESENTATION('',(#11,#41),#1161);
#41 = MANIFOLD_SOLID_BREP('',#42);
#42 = CLOSED_SHELL('',(#43,#163,#389,#438,#637,#720,#824,#852,#899,#952,
    #957,#1061,#1089,#1142,#1147,#1154));
#43 = ADVANCED_FACE('',(#44),#58,.F.);
#44 = FACE_BOUND('',#45,.F.);
#45 = EDGE_LOOP('',(#46,#81,#109,#137));
#46 = ORIENTED_EDGE('',*,*,#47,.F.);
#47 = EDGE_CURVE('',#48,#50,#52,.T.);
#48 = VERTEX_POINT('',#49);
#49 = CARTESIAN_POINT('',(125.,-90.,1.125E+03));
#50 = VERTEX_POINT('',#51);
#51 = CARTESIAN_POINT('',(125.,-90.,1.14E+03));
#52 = SURFACE_CURVE('',#53,(#57,#69),.PCURVE_S1.);
#53 = LINE('',#54,#55);
#54 = CARTESIAN_POINT('',(125.,-90.,1.125E+03));
#55 = VECTOR('',#56,1.);
#56 = DIRECTION('',(0.,0.,1.));
#57 = PCURVE('',#58,#63);
#58 = PLANE('',#59);
#59 = AXIS2_PLACEMENT_3D('',#60,#61,#62);
#60 = CARTESIAN_POINT('',(125.,-90.,1.125E+03));
#61 = DIRECTION('',(1.,0.,0.));
#62 = DIRECTION('',(0.,0.,1.));
#63 = DEFINITIONAL_REPRESENTATION('',(#64),#68);
#64 = LINE('',#65,#66);
#65 = CARTESIAN_POINT('',(0.,0.));
#66 = VECTOR('',#67,1.);
#67 = DIRECTION('',(1.,0.));
#68 = ( GEOMETRIC_REPRESENTATION_CONTEXT(2) 
PARAMETRIC_REPRESENTATION_CONTEXT() REPRESENTATION_CONTEXT('2D SPACE',''
  ) );
#69 = PCURVE('',#70,#75);
#70 = PLANE('',#71);
#71 = AXIS2_PLACEMENT_3D('',#72,#73,#74);
#72 = CARTESIAN_POINT('',(125.,-90.,1.125E+03));
#73 = DIRECTION('',(0.,1.,0.));
#74 = DIRECTION('',(0.,0.,1.));
#75 = DEFINITIONAL_REPRESENTATION('',(#76),#80);
#76 = LINE('',#77,#78);
#77 = CARTESIAN_POINT('',(0.,0.));
#78 = VECTOR('',#79,1.);
#79 = DIRECTION('',(1.,0.));
#80 = ( GEOMETRIC_REPRESENTATION_CONTEXT(2) 
PARAMETRIC_REPRESENTATION_CONTEXT() REPRESENTATION_CONTEXT('2D SPACE',''
  ) );
#81 = ORIENTED_EDGE('',*,*,#82,.T.);
#82 = EDGE_CURVE('',#48,#83,#85,.T.);
#83 = VERTEX_POINT('',#84);
#84 = CARTESIAN_POINT('',(125.,90.,1.125E+03));
#85 = SURFACE_CURVE('',#86,(#90,#97),.PCURVE_S1.);
#86 = LINE('',#87,#88);
#87 = CARTESIAN_POINT('',(125.,-90.,1.125E+03));
#88 = VECTOR('',#89,1.);
#89 = DIRECTION('',(0.,1.,0.));
#90 = PCURVE('',#58,#91);
#91 = DEFINITIONAL_REPRESENTATION('',(#92),#96);
#92 = LINE('',#93,#94);
#93 = CARTESIAN_POINT('',(0.,0.));
#94 = VECTOR('',#95,1.);
#95 = DIRECTION('',(0.,-1.));
#96 = ( GEOMETRIC_REPRESENTATION_CONTEXT(2) 
PARAMETRIC_REPRESENTATION_CONTEXT() REPRESENTATION_CONTEXT('2D SPACE',''
  ) );
#97 = PCURVE('',#98,#103);
#98 = PLANE('',#99);
#99 = AXIS2_PLACEMENT_3D('',#100,#101,#102);
#100 = CARTESIAN_POINT('',(125.,-90.,1.125E+03));
#101 = DIRECTION('',(0.,0.,1.));
#102 = DIRECTION('',(1.,0.,0.));
#103 = DEFINITIONAL_REPRESENTATION('',(#104),#108);
#104 = LINE('',#105,#106);
#105 = CARTESIAN_POINT('',(0.,0.));
#106 = VECTOR('',#107,1.);
#107 = DIRECTION('',(0.,1.));
#108 = ( GEOMETRIC_REPRESENTATION_CONTEXT(2) 
PARAMETRIC_REPRESENTATION_CONTEXT() REPRESENTATION_CONTEXT('2D SPACE',''
  ) );
#109 = ORIENTED_EDGE('',*,*,#110,.T.);
#110 = EDGE_CURVE('',#83,#111,#113,.T.);
#111 = VERTEX_POINT('',#112);
#112 = CARTESIAN_POINT('',(125.,90.,1.14E+03));
#113 = SURFACE_CURVE('',#114,(#118,#125),.PCURVE_S1.);
#114 = LINE('',#115,#116);
#115 = CARTESIAN_POINT('',(125.,90.,1.125E+03));
#116 = VECTOR('',#117,1.);
#117 = DIRECTION('',(0.,0.,1.));
#118 = PCURVE('',#58,#119);
#119 = DEFINITIONAL_REPRESENTATION('',(#120),#124);
#120 = LINE('',#121,#122);
#121 = CARTESIAN_POINT('',(0.,-180.));
#122 = VECTOR('',#123,1.);
#123 = DIRECTION('',(1.,0.));
#124 = ( GEOMETRIC_REPRESENTATION_CONTEXT(2) 
PARAMETRIC_REPRESENTATION_CONTEXT() REPRESENTATION_CONTEXT('2D SPACE',''
  ) );
#125 = PCURVE('',#126,#131);
#126 = PLANE('',#127);
#127 = AXIS2_PLACEMENT_3D('',#128,#129,#130);
#128 = CARTESIAN_POINT('',(125.,90.,1.125E+03));
#129 = DIRECTION('',(0.,1.,0.));
#130 = DIRECTION('',(0.,0.,1.));
#131 = DEFINITIONAL_REPRESENTATION('',(#132),#136);
#132 = LINE('',#133,#134);
#133 = CARTESIAN_POINT('',(0.,0.));
#134 = VECTOR('',#135,1.);
#135 = DIRECTION('',(1.,0.));
#136 = ( GEOMETRIC_REPRESENTATION_CONTEXT(2) 
PARAMETRIC_REPRESENTATION_CONTEXT() REPRESENTATION_CONTEXT('2D SPACE',''
  ) );
#137 = ORIENTED_EDGE('',*,*,#138,.F.);
#138 = EDGE_CURVE('',#50,#111,#139,.T.);
#139 = SURFACE_CURVE('',#140,(#144,#151),.PCURVE_S1.);
#140 = LINE('',#141,#142);
#141 = CARTESIAN_POINT('',(125.,-90.,1.14E+03));
#142 = VECTOR('',#143,1.);
#143 = DIRECTION('',(0.,1.,0.));
#144 = PCURVE('',#58,#145);
#145 = DEFINITIONAL_REPRESENTATION('',(#146),#150);
#146 = LINE('',#147,#148);
#147 = CARTESIAN_POINT('',(15.,0.));
#148 = VECTOR('',#149,1.);
#149 = DIRECTION('',(0.,-1.));
#150 = ( GEOMETRIC_REPRESENTATION_CONTEXT(2) 
PARAMETRIC_REPRESENTATION_CONTEXT() REPRESENTATION_CONTEXT('2D SPACE',''
  ) );
#151 = PCURVE('',#152,#157);
#152 = PLANE('',#153);
#153 = AXIS2_PLACEMENT_3D('',#154,#155,#156);
#154 = CARTESIAN_POINT('',(125.,-90.,1.14E+03));
#155 = DIRECTION('',(0.,0.,1.));
#156 = DIRECTION('',(1.,0.,0.));
#157 = DEFINITIONAL_REPRESENTATION('',(#158),#162);
#158 = LINE('',#159,#160);
#159 = CARTESIAN_POINT('',(0.,0.));
#160 = VECTOR('',#161,1.);
#161 = DIRECTION('',(0.,1.));
#162 = ( GEOMETRIC_REPRESENTATION_CONTEXT(2) 
PARAMETRIC_REPRESENTATION_CONTEXT() REPRESENTATION_CONTEXT('2D SPACE',''
  ) );
#163 = ADVANCED_FACE('',(#164),#70,.F.);
#164 = FACE_BOUND('',#165,.F.);
#165 = EDGE_LOOP('',(#166,#196,#224,#245,#271,#297,#318,#319,#342,#370)
  );
#166 = ORIENTED_EDGE('',*,*,#167,.F.);
#167 = EDGE_CURVE('',#168,#170,#172,.T.);
#168 = VERTEX_POINT('',#169);
#169 = CARTESIAN_POINT('',(143.8,-90.,1.125E+03));
#170 = VERTEX_POINT('',#171);
#171 = CARTESIAN_POINT('',(143.8,-90.,1.1325E+03));
#172 = SURFACE_CURVE('',#173,(#177,#184),.PCURVE_S1.);
#173 = LINE('',#174,#175);
#174 = CARTESIAN_POINT('',(143.8,-90.,710.));
#175 = VECTOR('',#176,1.);
#176 = DIRECTION('',(0.,0.,1.));
#177 = PCURVE('',#70,#178);
#178 = DEFINITIONAL_REPRESENTATION('',(#179),#183);
#179 = LINE('',#180,#181);
#180 = CARTESIAN_POINT('',(-415.,18.8));
#181 = VECTOR('',#182,1.);
#182 = DIRECTION('',(1.,0.));
#183 = ( GEOMETRIC_REPRESENTATION_CONTEXT(2) 
PARAMETRIC_REPRESENTATION_CONTEXT() REPRESENTATION_CONTEXT('2D SPACE',''
  ) );
#184 = PCURVE('',#185,#190);
#185 = CYLINDRICAL_SURFACE('',#186,4.8);
#186 = AXIS2_PLACEMENT_3D('',#187,#188,#189);
#187 = CARTESIAN_POINT('',(139.,-90.,710.));
#188 = DIRECTION('',(-0.,-0.,-1.));
#189 = DIRECTION('',(1.,0.,0.));
#190 = DEFINITIONAL_REPRESENTATION('',(#191),#195);
#191 = LINE('',#192,#193);
#192 = CARTESIAN_POINT('',(-6.28318530718,0.));
#193 = VECTOR('',#194,1.);
#194 = DIRECTION('',(-0.,-1.));
#195 = ( GEOMETRIC_REPRESENTATION_CONTEXT(2) 
PARAMETRIC_REPRESENTATION_CONTEXT() REPRESENTATION_CONTEXT('2D SPACE',''
  ) );
#196 = ORIENTED_EDGE('',*,*,#197,.F.);
#197 = EDGE_CURVE('',#198,#168,#200,.T.);
#198 = VERTEX_POINT('',#199);
#199 = CARTESIAN_POINT('',(134.2,-90.,1.125E+03));
#200 = SURFACE_CURVE('',#201,(#205,#212),.PCURVE_S1.);
#201 = LINE('',#202,#203);
#202 = CARTESIAN_POINT('',(125.,-90.,1.125E+03));
#203 = VECTOR('',#204,1.);
#204 = DIRECTION('',(1.,0.,0.));
#205 = PCURVE('',#70,#206);
#206 = DEFINITIONAL_REPRESENTATION('',(#207),#211);
#207 = LINE('',#208,#209);
#208 = CARTESIAN_POINT('',(0.,0.));
#209 = VECTOR('',#210,1.);
#210 = DIRECTION('',(0.,1.));
#211 = ( GEOMETRIC_REPRESENTATION_CONTEXT(2) 
PARAMETRIC_REPRESENTATION_CONTEXT() REPRESENTATION_CONTEXT('2D SPACE',''
  ) );
#212 = PCURVE('',#213,#218);
#213 = PLANE('',#214);
#214 = AXIS2_PLACEMENT_3D('',#215,#216,#217);
#215 = CARTESIAN_POINT('',(125.,-90.,1.125E+03));
#216 = DIRECTION('',(0.,0.,1.));
#217 = DIRECTION('',(1.,0.,0.));
#218 = DEFINITIONAL_REPRESENTATION('',(#219),#223);
#219 = LINE('',#220,#221);
#220 = CARTESIAN_POINT('',(0.,0.));
#221 = VECTOR('',#222,1.);
#222 = DIRECTION('',(1.,0.));
#223 = ( GEOMETRIC_REPRESENTATION_CONTEXT(2) 
PARAMETRIC_REPRESENTATION_CONTEXT() REPRESENTATION_CONTEXT('2D SPACE',''
  ) );
#224 = ORIENTED_EDGE('',*,*,#225,.F.);
#225 = EDGE_CURVE('',#226,#198,#228,.T.);
#226 = VERTEX_POINT('',#227);
#227 = CARTESIAN_POINT('',(134.2,-90.,1.1325E+03));
#228 = SURFACE_CURVE('',#229,(#233,#239),.PCURVE_S1.);
#229 = LINE('',#230,#231);
#230 = CARTESIAN_POINT('',(134.2,-90.,710.));
#231 = VECTOR('',#232,1.);
#232 = DIRECTION('',(-0.,-0.,-1.));
#233 = PCURVE('',#70,#234);
#234 = DEFINITIONAL_REPRESENTATION('',(#235),#238);
#235 = B_SPLINE_CURVE_WITH_KNOTS('',1,(#236,#237),.UNSPECIFIED.,.F.,.F.,
  (2,2),(-422.5000006,-413.5),.PIECEWISE_BEZIER_KNOTS.);
#236 = CARTESIAN_POINT('',(7.5000006,9.2));
#237 = CARTESIAN_POINT('',(-1.5,9.2));
#238 = ( GEOMETRIC_REPRESENTATION_CONTEXT(2) 
PARAMETRIC_REPRESENTATION_CONTEXT() REPRESENTATION_CONTEXT('2D SPACE',''
  ) );
#239 = PCURVE('',#185,#240);
#240 = DEFINITIONAL_REPRESENTATION('',(#241),#244);
#241 = B_SPLINE_CURVE_WITH_KNOTS('',1,(#242,#243),.UNSPECIFIED.,.F.,.F.,
  (2,2),(-422.5000006,-413.5),.PIECEWISE_BEZIER_KNOTS.);
#242 = CARTESIAN_POINT('',(-3.14159265359,-422.5000006));
#243 = CARTESIAN_POINT('',(-3.14159265359,-413.5));
#244 = ( GEOMETRIC_REPRESENTATION_CONTEXT(2) 
PARAMETRIC_REPRESENTATION_CONTEXT() REPRESENTATION_CONTEXT('2D SPACE',''
  ) );
#245 = ORIENTED_EDGE('',*,*,#246,.F.);
#246 = EDGE_CURVE('',#247,#226,#249,.T.);
#247 = VERTEX_POINT('',#248);
#248 = CARTESIAN_POINT('',(133.,-90.,1.1325E+03));
#249 = SURFACE_CURVE('',#250,(#254,#260),.PCURVE_S1.);
#250 = LINE('',#251,#252);
#251 = CARTESIAN_POINT('',(132.,-90.,1.1325E+03));
#252 = VECTOR('',#253,1.);
#253 = DIRECTION('',(1.,0.,0.));
#254 = PCURVE('',#70,#255);
#255 = DEFINITIONAL_REPRESENTATION('',(#256),#259);
#256 = B_SPLINE_CURVE_WITH_KNOTS('',1,(#257,#258),.UNSPECIFIED.,.F.,.F.,
  (2,2),(1.,13.),.PIECEWISE_BEZIER_KNOTS.);
#257 = CARTESIAN_POINT('',(7.5,8.));
#258 = CARTESIAN_POINT('',(7.5,20.));
#259 = ( GEOMETRIC_REPRESENTATION_CONTEXT(2) 
PARAMETRIC_REPRESENTATION_CONTEXT() REPRESENTATION_CONTEXT('2D SPACE',''
  ) );
#260 = PCURVE('',#261,#266);
#261 = PLANE('',#262);
#262 = AXIS2_PLACEMENT_3D('',#263,#264,#265);
#263 = CARTESIAN_POINT('',(139.,-90.,1.1325E+03));
#264 = DIRECTION('',(0.,0.,1.));
#265 = DIRECTION('',(1.,0.,-0.));
#266 = DEFINITIONAL_REPRESENTATION('',(#267),#270);
#267 = B_SPLINE_CURVE_WITH_KNOTS('',1,(#268,#269),.UNSPECIFIED.,.F.,.F.,
  (2,2),(1.,13.),.PIECEWISE_BEZIER_KNOTS.);
#268 = CARTESIAN_POINT('',(-6.,1.42108547152E-14));
#269 = CARTESIAN_POINT('',(6.,1.42108547152E-14));
#270 = ( GEOMETRIC_REPRESENTATION_CONTEXT(2) 
PARAMETRIC_REPRESENTATION_CONTEXT() REPRESENTATION_CONTEXT('2D SPACE',''
  ) );
#271 = ORIENTED_EDGE('',*,*,#272,.T.);
#272 = EDGE_CURVE('',#247,#273,#275,.T.);
#273 = VERTEX_POINT('',#274);
#274 = CARTESIAN_POINT('',(133.,-90.,1.125E+03));
#275 = SURFACE_CURVE('',#276,(#280,#286),.PCURVE_S1.);
#276 = LINE('',#277,#278);
#277 = CARTESIAN_POINT('',(133.,-90.,710.));
#278 = VECTOR('',#279,1.);
#279 = DIRECTION('',(-0.,-0.,-1.));
#280 = PCURVE('',#70,#281);
#281 = DEFINITIONAL_REPRESENTATION('',(#282),#285);
#282 = B_SPLINE_CURVE_WITH_KNOTS('',1,(#283,#284),.UNSPECIFIED.,.F.,.F.,
  (2,2),(-422.5000006,-413.5),.PIECEWISE_BEZIER_KNOTS.);
#283 = CARTESIAN_POINT('',(7.5000006,8.));
#284 = CARTESIAN_POINT('',(-1.5,8.));
#285 = ( GEOMETRIC_REPRESENTATION_CONTEXT(2) 
PARAMETRIC_REPRESENTATION_CONTEXT() REPRESENTATION_CONTEXT('2D SPACE',''
  ) );
#286 = PCURVE('',#287,#292);
#287 = CYLINDRICAL_SURFACE('',#288,6.);
#288 = AXIS2_PLACEMENT_3D('',#289,#290,#291);
#289 = CARTESIAN_POINT('',(139.,-90.,710.));
#290 = DIRECTION('',(-0.,-0.,-1.));
#291 = DIRECTION('',(1.,0.,0.));
#292 = DEFINITIONAL_REPRESENTATION('',(#293),#296);
#293 = B_SPLINE_CURVE_WITH_KNOTS('',1,(#294,#295),.UNSPECIFIED.,.F.,.F.,
  (2,2),(-422.5000006,-413.5),.PIECEWISE_BEZIER_KNOTS.);
#294 = CARTESIAN_POINT('',(-3.14159265359,-422.5000006));
#295 = CARTESIAN_POINT('',(-3.14159265359,-413.5));
#296 = ( GEOMETRIC_REPRESENTATION_CONTEXT(2) 
PARAMETRIC_REPRESENTATION_CONTEXT() REPRESENTATION_CONTEXT('2D SPACE',''
  ) );
#297 = ORIENTED_EDGE('',*,*,#298,.F.);
#298 = EDGE_CURVE('',#48,#273,#299,.T.);
#299 = SURFACE_CURVE('',#300,(#304,#311),.PCURVE_S1.);
#300 = LINE('',#301,#302);
#301 = CARTESIAN_POINT('',(125.,-90.,1.125E+03));
#302 = VECTOR('',#303,1.);
#303 = DIRECTION('',(1.,0.,0.));
#304 = PCURVE('',#70,#305);
#305 = DEFINITIONAL_REPRESENTATION('',(#306),#310);
#306 = LINE('',#307,#308);
#307 = CARTESIAN_POINT('',(0.,0.));
#308 = VECTOR('',#309,1.);
#309 = DIRECTION('',(0.,1.));
#310 = ( GEOMETRIC_REPRESENTATION_CONTEXT(2) 
PARAMETRIC_REPRESENTATION_CONTEXT() REPRESENTATION_CONTEXT('2D SPACE',''
  ) );
#311 = PCURVE('',#98,#312);
#312 = DEFINITIONAL_REPRESENTATION('',(#313),#317);
#313 = LINE('',#314,#315);
#314 = CARTESIAN_POINT('',(0.,0.));
#315 = VECTOR('',#316,1.);
#316 = DIRECTION('',(1.,0.));
#317 = ( GEOMETRIC_REPRESENTATION_CONTEXT(2) 
PARAMETRIC_REPRESENTATION_CONTEXT() REPRESENTATION_CONTEXT('2D SPACE',''
  ) );
#318 = ORIENTED_EDGE('',*,*,#47,.T.);
#319 = ORIENTED_EDGE('',*,*,#320,.T.);
#320 = EDGE_CURVE('',#50,#321,#323,.T.);
#321 = VERTEX_POINT('',#322);
#322 = CARTESIAN_POINT('',(145.,-90.,1.14E+03));
#323 = SURFACE_CURVE('',#324,(#328,#335),.PCURVE_S1.);
#324 = LINE('',#325,#326);
#325 = CARTESIAN_POINT('',(125.,-90.,1.14E+03));
#326 = VECTOR('',#327,1.);
#327 = DIRECTION('',(1.,0.,0.));
#328 = PCURVE('',#70,#329);
#329 = DEFINITIONAL_REPRESENTATION('',(#330),#334);
#330 = LINE('',#331,#332);
#331 = CARTESIAN_POINT('',(15.,0.));
#332 = VECTOR('',#333,1.);
#333 = DIRECTION('',(0.,1.));
#334 = ( GEOMETRIC_REPRESENTATION_CONTEXT(2) 
PARAMETRIC_REPRESENTATION_CONTEXT() REPRESENTATION_CONTEXT('2D SPACE',''
  ) );
#335 = PCURVE('',#152,#336);
#336 = DEFINITIONAL_REPRESENTATION('',(#337),#341);
#337 = LINE('',#338,#339);
#338 = CARTESIAN_POINT('',(0.,0.));
#339 = VECTOR('',#340,1.);
#340 = DIRECTION('',(1.,0.));
#341 = ( GEOMETRIC_REPRESENTATION_CONTEXT(2) 
PARAMETRIC_REPRESENTATION_CONTEXT() REPRESENTATION_CONTEXT('2D SPACE',''
  ) );
#342 = ORIENTED_EDGE('',*,*,#343,.F.);
#343 = EDGE_CURVE('',#344,#321,#346,.T.);
#344 = VERTEX_POINT('',#345);
#345 = CARTESIAN_POINT('',(145.,-90.,1.1325E+03));
#346 = SURFACE_CURVE('',#347,(#351,#358),.PCURVE_S1.);
#347 = LINE('',#348,#349);
#348 = CARTESIAN_POINT('',(145.,-90.,1.125E+03));
#349 = VECTOR('',#350,1.);
#350 = DIRECTION('',(0.,0.,1.));
#351 = PCURVE('',#70,#352);
#352 = DEFINITIONAL_REPRESENTATION('',(#353),#357);
#353 = LINE('',#354,#355);
#354 = CARTESIAN_POINT('',(0.,20.));
#355 = VECTOR('',#356,1.);
#356 = DIRECTION('',(1.,0.));
#357 = ( GEOMETRIC_REPRESENTATION_CONTEXT(2) 
PARAMETRIC_REPRESENTATION_CONTEXT() REPRESENTATION_CONTEXT('2D SPACE',''
  ) );
#358 = PCURVE('',#359,#364);
#359 = PLANE('',#360);
#360 = AXIS2_PLACEMENT_3D('',#361,#362,#363);
#361 = CARTESIAN_POINT('',(145.,-90.,1.125E+03));
#362 = DIRECTION('',(1.,0.,0.));
#363 = DIRECTION('',(0.,0.,1.));
#364 = DEFINITIONAL_REPRESENTATION('',(#365),#369);
#365 = LINE('',#366,#367);
#366 = CARTESIAN_POINT('',(0.,0.));
#367 = VECTOR('',#368,1.);
#368 = DIRECTION('',(1.,0.));
#369 = ( GEOMETRIC_REPRESENTATION_CONTEXT(2) 
PARAMETRIC_REPRESENTATION_CONTEXT() REPRESENTATION_CONTEXT('2D SPACE',''
  ) );
#370 = ORIENTED_EDGE('',*,*,#371,.F.);
#371 = EDGE_CURVE('',#170,#344,#372,.T.);
#372 = SURFACE_CURVE('',#373,(#377,#383),.PCURVE_S1.);
#373 = LINE('',#374,#375);
#374 = CARTESIAN_POINT('',(132.,-90.,1.1325E+03));
#375 = VECTOR('',#376,1.);
#376 = DIRECTION('',(1.,0.,0.));
#377 = PCURVE('',#70,#378);
#378 = DEFINITIONAL_REPRESENTATION('',(#379),#382);
#379 = B_SPLINE_CURVE_WITH_KNOTS('',1,(#380,#381),.UNSPECIFIED.,.F.,.F.,
  (2,2),(1.,13.),.PIECEWISE_BEZIER_KNOTS.);
#380 = CARTESIAN_POINT('',(7.5,8.));
#381 = CARTESIAN_POINT('',(7.5,20.));
#382 = ( GEOMETRIC_REPRESENTATION_CONTEXT(2) 
PARAMETRIC_REPRESENTATION_CONTEXT() REPRESENTATION_CONTEXT('2D SPACE',''
  ) );
#383 = PCURVE('',#261,#384);
#384 = DEFINITIONAL_REPRESENTATION('',(#385),#388);
#385 = B_SPLINE_CURVE_WITH_KNOTS('',1,(#386,#387),.UNSPECIFIED.,.F.,.F.,
  (2,2),(1.,13.),.PIECEWISE_BEZIER_KNOTS.);
#386 = CARTESIAN_POINT('',(-6.,1.42108547152E-14));
#387 = CARTESIAN_POINT('',(6.,1.42108547152E-14));
#388 = ( GEOMETRIC_REPRESENTATION_CONTEXT(2) 
PARAMETRIC_REPRESENTATION_CONTEXT() REPRESENTATION_CONTEXT('2D SPACE',''
  ) );
#389 = ADVANCED_FACE('',(#390),#152,.T.);
#390 = FACE_BOUND('',#391,.T.);
#391 = EDGE_LOOP('',(#392,#393,#394,#417));
#392 = ORIENTED_EDGE('',*,*,#138,.F.);
#393 = ORIENTED_EDGE('',*,*,#320,.T.);
#394 = ORIENTED_EDGE('',*,*,#395,.T.);
#395 = EDGE_CURVE('',#321,#396,#398,.T.);
#396 = VERTEX_POINT('',#397);
#397 = CARTESIAN_POINT('',(145.,90.,1.14E+03));
#398 = SURFACE_CURVE('',#399,(#403,#410),.PCURVE_S1.);
#399 = LINE('',#400,#401);
#400 = CARTESIAN_POINT('',(145.,-90.,1.14E+03));
#401 = VECTOR('',#402,1.);
#402 = DIRECTION('',(0.,1.,0.));
#403 = PCURVE('',#152,#404);
#404 = DEFINITIONAL_REPRESENTATION('',(#405),#409);
#405 = LINE('',#406,#407);
#406 = CARTESIAN_POINT('',(20.,0.));
#407 = VECTOR('',#408,1.);
#408 = DIRECTION('',(0.,1.));
#409 = ( GEOMETRIC_REPRESENTATION_CONTEXT(2) 
PARAMETRIC_REPRESENTATION_CONTEXT() REPRESENTATION_CONTEXT('2D SPACE',''
  ) );
#410 = PCURVE('',#359,#411);
#411 = DEFINITIONAL_REPRESENTATION('',(#412),#416);
#412 = LINE('',#413,#414);
#413 = CARTESIAN_POINT('',(15.,0.));
#414 = VECTOR('',#415,1.);
#415 = DIRECTION('',(0.,-1.));
#416 = ( GEOMETRIC_REPRESENTATION_CONTEXT(2) 
PARAMETRIC_REPRESENTATION_CONTEXT() REPRESENTATION_CONTEXT('2D SPACE',''
  ) );
#417 = ORIENTED_EDGE('',*,*,#418,.F.);
#418 = EDGE_CURVE('',#111,#396,#419,.T.);
#419 = SURFACE_CURVE('',#420,(#424,#431),.PCURVE_S1.);
#420 = LINE('',#421,#422);
#421 = CARTESIAN_POINT('',(125.,90.,1.14E+03));
#422 = VECTOR('',#423,1.);
#423 = DIRECTION('',(1.,0.,0.));
#424 = PCURVE('',#152,#425);
#425 = DEFINITIONAL_REPRESENTATION('',(#426),#430);
#426 = LINE('',#427,#428);
#427 = CARTESIAN_POINT('',(0.,180.));
#428 = VECTOR('',#429,1.);
#429 = DIRECTION('',(1.,0.));
#430 = ( GEOMETRIC_REPRESENTATION_CONTEXT(2) 
PARAMETRIC_REPRESENTATION_CONTEXT() REPRESENTATION_CONTEXT('2D SPACE',''
  ) );
#431 = PCURVE('',#126,#432);
#432 = DEFINITIONAL_REPRESENTATION('',(#433),#437);
#433 = LINE('',#434,#435);
#434 = CARTESIAN_POINT('',(15.,0.));
#435 = VECTOR('',#436,1.);
#436 = DIRECTION('',(0.,1.));
#437 = ( GEOMETRIC_REPRESENTATION_CONTEXT(2) 
PARAMETRIC_REPRESENTATION_CONTEXT() REPRESENTATION_CONTEXT('2D SPACE',''
  ) );
#438 = ADVANCED_FACE('',(#439),#126,.T.);
#439 = FACE_BOUND('',#440,.T.);
#440 = EDGE_LOOP('',(#441,#471,#499,#520,#546,#572,#593,#594,#595,#618)
  );
#441 = ORIENTED_EDGE('',*,*,#442,.F.);
#442 = EDGE_CURVE('',#443,#445,#447,.T.);
#443 = VERTEX_POINT('',#444);
#444 = CARTESIAN_POINT('',(143.8,90.,1.125E+03));
#445 = VERTEX_POINT('',#446);
#446 = CARTESIAN_POINT('',(143.8,90.,1.1325E+03));
#447 = SURFACE_CURVE('',#448,(#452,#459),.PCURVE_S1.);
#448 = LINE('',#449,#450);
#449 = CARTESIAN_POINT('',(143.8,90.,710.));
#450 = VECTOR('',#451,1.);
#451 = DIRECTION('',(0.,0.,1.));
#452 = PCURVE('',#126,#453);
#453 = DEFINITIONAL_REPRESENTATION('',(#454),#458);
#454 = LINE('',#455,#456);
#455 = CARTESIAN_POINT('',(-415.,18.8));
#456 = VECTOR('',#457,1.);
#457 = DIRECTION('',(1.,0.));
#458 = ( GEOMETRIC_REPRESENTATION_CONTEXT(2) 
PARAMETRIC_REPRESENTATION_CONTEXT() REPRESENTATION_CONTEXT('2D SPACE',''
  ) );
#459 = PCURVE('',#460,#465);
#460 = CYLINDRICAL_SURFACE('',#461,4.8);
#461 = AXIS2_PLACEMENT_3D('',#462,#463,#464);
#462 = CARTESIAN_POINT('',(139.,90.,710.));
#463 = DIRECTION('',(-0.,-0.,-1.));
#464 = DIRECTION('',(1.,0.,0.));
#465 = DEFINITIONAL_REPRESENTATION('',(#466),#470);
#466 = LINE('',#467,#468);
#467 = CARTESIAN_POINT('',(-0.,0.));
#468 = VECTOR('',#469,1.);
#469 = DIRECTION('',(-0.,-1.));
#470 = ( GEOMETRIC_REPRESENTATION_CONTEXT(2) 
PARAMETRIC_REPRESENTATION_CONTEXT() REPRESENTATION_CONTEXT('2D SPACE',''
  ) );
#471 = ORIENTED_EDGE('',*,*,#472,.F.);
#472 = EDGE_CURVE('',#473,#443,#475,.T.);
#473 = VERTEX_POINT('',#474);
#474 = CARTESIAN_POINT('',(134.2,90.,1.125E+03));
#475 = SURFACE_CURVE('',#476,(#480,#487),.PCURVE_S1.);
#476 = LINE('',#477,#478);
#477 = CARTESIAN_POINT('',(125.,90.,1.125E+03));
#478 = VECTOR('',#479,1.);
#479 = DIRECTION('',(1.,0.,0.));
#480 = PCURVE('',#126,#481);
#481 = DEFINITIONAL_REPRESENTATION('',(#482),#486);
#482 = LINE('',#483,#484);
#483 = CARTESIAN_POINT('',(0.,0.));
#484 = VECTOR('',#485,1.);
#485 = DIRECTION('',(0.,1.));
#486 = ( GEOMETRIC_REPRESENTATION_CONTEXT(2) 
PARAMETRIC_REPRESENTATION_CONTEXT() REPRESENTATION_CONTEXT('2D SPACE',''
  ) );
#487 = PCURVE('',#488,#493);
#488 = PLANE('',#489);
#489 = AXIS2_PLACEMENT_3D('',#490,#491,#492);
#490 = CARTESIAN_POINT('',(125.,-90.,1.125E+03));
#491 = DIRECTION('',(0.,0.,1.));
#492 = DIRECTION('',(1.,0.,0.));
#493 = DEFINITIONAL_REPRESENTATION('',(#494),#498);
#494 = LINE('',#495,#496);
#495 = CARTESIAN_POINT('',(0.,180.));
#496 = VECTOR('',#497,1.);
#497 = DIRECTION('',(1.,0.));
#498 = ( GEOMETRIC_REPRESENTATION_CONTEXT(2) 
PARAMETRIC_REPRESENTATION_CONTEXT() REPRESENTATION_CONTEXT('2D SPACE',''
  ) );
#499 = ORIENTED_EDGE('',*,*,#500,.F.);
#500 = EDGE_CURVE('',#501,#473,#503,.T.);
#501 = VERTEX_POINT('',#502);
#502 = CARTESIAN_POINT('',(134.2,90.,1.1325E+03));
#503 = SURFACE_CURVE('',#504,(#508,#514),.PCURVE_S1.);
#504 = LINE('',#505,#506);
#505 = CARTESIAN_POINT('',(134.2,90.,710.));
#506 = VECTOR('',#507,1.);
#507 = DIRECTION('',(-0.,-0.,-1.));
#508 = PCURVE('',#126,#509);
#509 = DEFINITIONAL_REPRESENTATION('',(#510),#513);
#510 = B_SPLINE_CURVE_WITH_KNOTS('',1,(#511,#512),.UNSPECIFIED.,.F.,.F.,
  (2,2),(-422.5000006,-413.5),.PIECEWISE_BEZIER_KNOTS.);
#511 = CARTESIAN_POINT('',(7.5000006,9.2));
#512 = CARTESIAN_POINT('',(-1.5,9.2));
#513 = ( GEOMETRIC_REPRESENTATION_CONTEXT(2) 
PARAMETRIC_REPRESENTATION_CONTEXT() REPRESENTATION_CONTEXT('2D SPACE',''
  ) );
#514 = PCURVE('',#460,#515);
#515 = DEFINITIONAL_REPRESENTATION('',(#516),#519);
#516 = B_SPLINE_CURVE_WITH_KNOTS('',1,(#517,#518),.UNSPECIFIED.,.F.,.F.,
  (2,2),(-422.5000006,-413.5),.PIECEWISE_BEZIER_KNOTS.);
#517 = CARTESIAN_POINT('',(-3.14159265359,-422.5000006));
#518 = CARTESIAN_POINT('',(-3.14159265359,-413.5));
#519 = ( GEOMETRIC_REPRESENTATION_CONTEXT(2) 
PARAMETRIC_REPRESENTATION_CONTEXT() REPRESENTATION_CONTEXT('2D SPACE',''
  ) );
#520 = ORIENTED_EDGE('',*,*,#521,.F.);
#521 = EDGE_CURVE('',#522,#501,#524,.T.);
#522 = VERTEX_POINT('',#523);
#523 = CARTESIAN_POINT('',(133.,90.,1.1325E+03));
#524 = SURFACE_CURVE('',#525,(#529,#535),.PCURVE_S1.);
#525 = LINE('',#526,#527);
#526 = CARTESIAN_POINT('',(132.,90.,1.1325E+03));
#527 = VECTOR('',#528,1.);
#528 = DIRECTION('',(1.,0.,0.));
#529 = PCURVE('',#126,#530);
#530 = DEFINITIONAL_REPRESENTATION('',(#531),#534);
#531 = B_SPLINE_CURVE_WITH_KNOTS('',1,(#532,#533),.UNSPECIFIED.,.F.,.F.,
  (2,2),(1.,13.),.PIECEWISE_BEZIER_KNOTS.);
#532 = CARTESIAN_POINT('',(7.5,8.));
#533 = CARTESIAN_POINT('',(7.5,20.));
#534 = ( GEOMETRIC_REPRESENTATION_CONTEXT(2) 
PARAMETRIC_REPRESENTATION_CONTEXT() REPRESENTATION_CONTEXT('2D SPACE',''
  ) );
#535 = PCURVE('',#536,#541);
#536 = PLANE('',#537);
#537 = AXIS2_PLACEMENT_3D('',#538,#539,#540);
#538 = CARTESIAN_POINT('',(139.,90.,1.1325E+03));
#539 = DIRECTION('',(0.,0.,1.));
#540 = DIRECTION('',(1.,0.,-0.));
#541 = DEFINITIONAL_REPRESENTATION('',(#542),#545);
#542 = B_SPLINE_CURVE_WITH_KNOTS('',1,(#543,#544),.UNSPECIFIED.,.F.,.F.,
  (2,2),(1.,13.),.PIECEWISE_BEZIER_KNOTS.);
#543 = CARTESIAN_POINT('',(-6.,-1.42108547152E-14));
#544 = CARTESIAN_POINT('',(6.,-1.42108547152E-14));
#545 = ( GEOMETRIC_REPRESENTATION_CONTEXT(2) 
PARAMETRIC_REPRESENTATION_CONTEXT() REPRESENTATION_CONTEXT('2D SPACE',''
  ) );
#546 = ORIENTED_EDGE('',*,*,#547,.T.);
#547 = EDGE_CURVE('',#522,#548,#550,.T.);
#548 = VERTEX_POINT('',#549);
#549 = CARTESIAN_POINT('',(133.,90.,1.125E+03));
#550 = SURFACE_CURVE('',#551,(#555,#561),.PCURVE_S1.);
#551 = LINE('',#552,#553);
#552 = CARTESIAN_POINT('',(133.,90.,710.));
#553 = VECTOR('',#554,1.);
#554 = DIRECTION('',(-0.,-0.,-1.));
#555 = PCURVE('',#126,#556);
#556 = DEFINITIONAL_REPRESENTATION('',(#557),#560);
#557 = B_SPLINE_CURVE_WITH_KNOTS('',1,(#558,#559),.UNSPECIFIED.,.F.,.F.,
  (2,2),(-422.5000006,-413.5),.PIECEWISE_BEZIER_KNOTS.);
#558 = CARTESIAN_POINT('',(7.5000006,8.));
#559 = CARTESIAN_POINT('',(-1.5,8.));
#560 = ( GEOMETRIC_REPRESENTATION_CONTEXT(2) 
PARAMETRIC_REPRESENTATION_CONTEXT() REPRESENTATION_CONTEXT('2D SPACE',''
  ) );
#561 = PCURVE('',#562,#567);
#562 = CYLINDRICAL_SURFACE('',#563,6.);
#563 = AXIS2_PLACEMENT_3D('',#564,#565,#566);
#564 = CARTESIAN_POINT('',(139.,90.,710.));
#565 = DIRECTION('',(-0.,-0.,-1.));
#566 = DIRECTION('',(1.,0.,0.));
#567 = DEFINITIONAL_REPRESENTATION('',(#568),#571);
#568 = B_SPLINE_CURVE_WITH_KNOTS('',1,(#569,#570),.UNSPECIFIED.,.F.,.F.,
  (2,2),(-422.5000006,-413.5),.PIECEWISE_BEZIER_KNOTS.);
#569 = CARTESIAN_POINT('',(-3.14159265359,-422.5000006));
#570 = CARTESIAN_POINT('',(-3.14159265359,-413.5));
#571 = ( GEOMETRIC_REPRESENTATION_CONTEXT(2) 
PARAMETRIC_REPRESENTATION_CONTEXT() REPRESENTATION_CONTEXT('2D SPACE',''
  ) );
#572 = ORIENTED_EDGE('',*,*,#573,.F.);
#573 = EDGE_CURVE('',#83,#548,#574,.T.);
#574 = SURFACE_CURVE('',#575,(#579,#586),.PCURVE_S1.);
#575 = LINE('',#576,#577);
#576 = CARTESIAN_POINT('',(125.,90.,1.125E+03));
#577 = VECTOR('',#578,1.);
#578 = DIRECTION('',(1.,0.,0.));
#579 = PCURVE('',#126,#580);
#580 = DEFINITIONAL_REPRESENTATION('',(#581),#585);
#581 = LINE('',#582,#583);
#582 = CARTESIAN_POINT('',(0.,0.));
#583 = VECTOR('',#584,1.);
#584 = DIRECTION('',(0.,1.));
#585 = ( GEOMETRIC_REPRESENTATION_CONTEXT(2) 
PARAMETRIC_REPRESENTATION_CONTEXT() REPRESENTATION_CONTEXT('2D SPACE',''
  ) );
#586 = PCURVE('',#98,#587);
#587 = DEFINITIONAL_REPRESENTATION('',(#588),#592);
#588 = LINE('',#589,#590);
#589 = CARTESIAN_POINT('',(0.,180.));
#590 = VECTOR('',#591,1.);
#591 = DIRECTION('',(1.,0.));
#592 = ( GEOMETRIC_REPRESENTATION_CONTEXT(2) 
PARAMETRIC_REPRESENTATION_CONTEXT() REPRESENTATION_CONTEXT('2D SPACE',''
  ) );
#593 = ORIENTED_EDGE('',*,*,#110,.T.);
#594 = ORIENTED_EDGE('',*,*,#418,.T.);
#595 = ORIENTED_EDGE('',*,*,#596,.F.);
#596 = EDGE_CURVE('',#597,#396,#599,.T.);
#597 = VERTEX_POINT('',#598);
#598 = CARTESIAN_POINT('',(145.,90.,1.1325E+03));
#599 = SURFACE_CURVE('',#600,(#604,#611),.PCURVE_S1.);
#600 = LINE('',#601,#602);
#601 = CARTESIAN_POINT('',(145.,90.,1.125E+03));
#602 = VECTOR('',#603,1.);
#603 = DIRECTION('',(0.,0.,1.));
#604 = PCURVE('',#126,#605);
#605 = DEFINITIONAL_REPRESENTATION('',(#606),#610);
#606 = LINE('',#607,#608);
#607 = CARTESIAN_POINT('',(0.,20.));
#608 = VECTOR('',#609,1.);
#609 = DIRECTION('',(1.,0.));
#610 = ( GEOMETRIC_REPRESENTATION_CONTEXT(2) 
PARAMETRIC_REPRESENTATION_CONTEXT() REPRESENTATION_CONTEXT('2D SPACE',''
  ) );
#611 = PCURVE('',#359,#612);
#612 = DEFINITIONAL_REPRESENTATION('',(#613),#617);
#613 = LINE('',#614,#615);
#614 = CARTESIAN_POINT('',(0.,-180.));
#615 = VECTOR('',#616,1.);
#616 = DIRECTION('',(1.,0.));
#617 = ( GEOMETRIC_REPRESENTATION_CONTEXT(2) 
PARAMETRIC_REPRESENTATION_CONTEXT() REPRESENTATION_CONTEXT('2D SPACE',''
  ) );
#618 = ORIENTED_EDGE('',*,*,#619,.F.);
#619 = EDGE_CURVE('',#445,#597,#620,.T.);
#620 = SURFACE_CURVE('',#621,(#625,#631),.PCURVE_S1.);
#621 = LINE('',#622,#623);
#622 = CARTESIAN_POINT('',(132.,90.,1.1325E+03));
#623 = VECTOR('',#624,1.);
#624 = DIRECTION('',(1.,0.,0.));
#625 = PCURVE('',#126,#626);
#626 = DEFINITIONAL_REPRESENTATION('',(#627),#630);
#627 = B_SPLINE_CURVE_WITH_KNOTS('',1,(#628,#629),.UNSPECIFIED.,.F.,.F.,
  (2,2),(1.,13.),.PIECEWISE_BEZIER_KNOTS.);
#628 = CARTESIAN_POINT('',(7.5,8.));
#629 = CARTESIAN_POINT('',(7.5,20.));
#630 = ( GEOMETRIC_REPRESENTATION_CONTEXT(2) 
PARAMETRIC_REPRESENTATION_CONTEXT() REPRESENTATION_CONTEXT('2D SPACE',''
  ) );
#631 = PCURVE('',#536,#632);
#632 = DEFINITIONAL_REPRESENTATION('',(#633),#636);
#633 = B_SPLINE_CURVE_WITH_KNOTS('',1,(#634,#635),.UNSPECIFIED.,.F.,.F.,
  (2,2),(1.,13.),.PIECEWISE_BEZIER_KNOTS.);
#634 = CARTESIAN_POINT('',(-6.,-1.42108547152E-14));
#635 = CARTESIAN_POINT('',(6.,-1.42108547152E-14));
#636 = ( GEOMETRIC_REPRESENTATION_CONTEXT(2) 
PARAMETRIC_REPRESENTATION_CONTEXT() REPRESENTATION_CONTEXT('2D SPACE',''
  ) );
#637 = ADVANCED_FACE('',(#638),#98,.F.);
#638 = FACE_BOUND('',#639,.F.);
#639 = EDGE_LOOP('',(#640,#665,#691,#692,#693,#694));
#640 = ORIENTED_EDGE('',*,*,#641,.T.);
#641 = EDGE_CURVE('',#642,#644,#646,.T.);
#642 = VERTEX_POINT('',#643);
#643 = CARTESIAN_POINT('',(145.,-90.,1.125E+03));
#644 = VERTEX_POINT('',#645);
#645 = CARTESIAN_POINT('',(145.,90.,1.125E+03));
#646 = SURFACE_CURVE('',#647,(#651,#658),.PCURVE_S1.);
#647 = LINE('',#648,#649);
#648 = CARTESIAN_POINT('',(145.,-90.,1.125E+03));
#649 = VECTOR('',#650,1.);
#650 = DIRECTION('',(0.,1.,0.));
#651 = PCURVE('',#98,#652);
#652 = DEFINITIONAL_REPRESENTATION('',(#653),#657);
#653 = LINE('',#654,#655);
#654 = CARTESIAN_POINT('',(20.,0.));
#655 = VECTOR('',#656,1.);
#656 = DIRECTION('',(0.,1.));
#657 = ( GEOMETRIC_REPRESENTATION_CONTEXT(2) 
PARAMETRIC_REPRESENTATION_CONTEXT() REPRESENTATION_CONTEXT('2D SPACE',''
  ) );
#658 = PCURVE('',#359,#659);
#659 = DEFINITIONAL_REPRESENTATION('',(#660),#664);
#660 = LINE('',#661,#662);
#661 = CARTESIAN_POINT('',(0.,0.));
#662 = VECTOR('',#663,1.);
#663 = DIRECTION('',(0.,-1.));
#664 = ( GEOMETRIC_REPRESENTATION_CONTEXT(2) 
PARAMETRIC_REPRESENTATION_CONTEXT() REPRESENTATION_CONTEXT('2D SPACE',''
  ) );
#665 = ORIENTED_EDGE('',*,*,#666,.T.);
#666 = EDGE_CURVE('',#644,#548,#667,.T.);
#667 = SURFACE_CURVE('',#668,(#673,#684),.PCURVE_S1.);
#668 = CIRCLE('',#669,6.);
#669 = AXIS2_PLACEMENT_3D('',#670,#671,#672);
#670 = CARTESIAN_POINT('',(139.,90.,1.125E+03));
#671 = DIRECTION('',(0.,0.,-1.));
#672 = DIRECTION('',(1.,0.,0.));
#673 = PCURVE('',#98,#674);
#674 = DEFINITIONAL_REPRESENTATION('',(#675),#683);
#675 = ( BOUNDED_CURVE() B_SPLINE_CURVE(2,(#676,#677,#678,#679,#680,#681
,#682),.UNSPECIFIED.,.T.,.F.) B_SPLINE_CURVE_WITH_KNOTS((1,2,2,2,2,1),(
    -2.094395102393,0.,2.094395102393,4.188790204786,6.28318530718,
8.377580409573),.UNSPECIFIED.) CURVE() GEOMETRIC_REPRESENTATION_ITEM() 
RATIONAL_B_SPLINE_CURVE((1.,0.5,1.,0.5,1.,0.5,1.)) REPRESENTATION_ITEM(
  '') );
#676 = CARTESIAN_POINT('',(20.,180.));
#677 = CARTESIAN_POINT('',(20.,169.60769515458));
#678 = CARTESIAN_POINT('',(11.,174.80384757729));
#679 = CARTESIAN_POINT('',(2.,180.));
#680 = CARTESIAN_POINT('',(11.,185.1961524227));
#681 = CARTESIAN_POINT('',(20.,190.39230484541));
#682 = CARTESIAN_POINT('',(20.,180.));
#683 = ( GEOMETRIC_REPRESENTATION_CONTEXT(2) 
PARAMETRIC_REPRESENTATION_CONTEXT() REPRESENTATION_CONTEXT('2D SPACE',''
  ) );
#684 = PCURVE('',#562,#685);
#685 = DEFINITIONAL_REPRESENTATION('',(#686),#690);
#686 = LINE('',#687,#688);
#687 = CARTESIAN_POINT('',(-6.28318530718,-415.));
#688 = VECTOR('',#689,1.);
#689 = DIRECTION('',(1.,-0.));
#690 = ( GEOMETRIC_REPRESENTATION_CONTEXT(2) 
PARAMETRIC_REPRESENTATION_CONTEXT() REPRESENTATION_CONTEXT('2D SPACE',''
  ) );
#691 = ORIENTED_EDGE('',*,*,#573,.F.);
#692 = ORIENTED_EDGE('',*,*,#82,.F.);
#693 = ORIENTED_EDGE('',*,*,#298,.T.);
#694 = ORIENTED_EDGE('',*,*,#695,.T.);
#695 = EDGE_CURVE('',#273,#642,#696,.T.);
#696 = SURFACE_CURVE('',#697,(#702,#713),.PCURVE_S1.);
#697 = CIRCLE('',#698,6.);
#698 = AXIS2_PLACEMENT_3D('',#699,#700,#701);
#699 = CARTESIAN_POINT('',(139.,-90.,1.125E+03));
#700 = DIRECTION('',(0.,0.,-1.));
#701 = DIRECTION('',(1.,0.,0.));
#702 = PCURVE('',#98,#703);
#703 = DEFINITIONAL_REPRESENTATION('',(#704),#712);
#704 = ( BOUNDED_CURVE() B_SPLINE_CURVE(2,(#705,#706,#707,#708,#709,#710
,#711),.UNSPECIFIED.,.T.,.F.) B_SPLINE_CURVE_WITH_KNOTS((1,2,2,2,2,1),(
    -2.094395102393,0.,2.094395102393,4.188790204786,6.28318530718,
8.377580409573),.UNSPECIFIED.) CURVE() GEOMETRIC_REPRESENTATION_ITEM() 
RATIONAL_B_SPLINE_CURVE((1.,0.5,1.,0.5,1.,0.5,1.)) REPRESENTATION_ITEM(
  '') );
#705 = CARTESIAN_POINT('',(20.,0.));
#706 = CARTESIAN_POINT('',(20.,-10.39230484541));
#707 = CARTESIAN_POINT('',(11.,-5.196152422707));
#708 = CARTESIAN_POINT('',(2.,-1.469576158977E-15));
#709 = CARTESIAN_POINT('',(11.,5.196152422707));
#710 = CARTESIAN_POINT('',(20.,10.392304845413));
#711 = CARTESIAN_POINT('',(20.,0.));
#712 = ( GEOMETRIC_REPRESENTATION_CONTEXT(2) 
PARAMETRIC_REPRESENTATION_CONTEXT() REPRESENTATION_CONTEXT('2D SPACE',''
  ) );
#713 = PCURVE('',#287,#714);
#714 = DEFINITIONAL_REPRESENTATION('',(#715),#719);
#715 = LINE('',#716,#717);
#716 = CARTESIAN_POINT('',(-6.28318530718,-415.));
#717 = VECTOR('',#718,1.);
#718 = DIRECTION('',(1.,-0.));
#719 = ( GEOMETRIC_REPRESENTATION_CONTEXT(2) 
PARAMETRIC_REPRESENTATION_CONTEXT() REPRESENTATION_CONTEXT('2D SPACE',''
  ) );
#720 = ADVANCED_FACE('',(#721),#185,.F.);
#721 = FACE_BOUND('',#722,.T.);
#722 = EDGE_LOOP('',(#723,#752,#773,#799,#800,#822,#823));
#723 = ORIENTED_EDGE('',*,*,#724,.F.);
#724 = EDGE_CURVE('',#725,#725,#727,.T.);
#725 = VERTEX_POINT('',#726);
#726 = CARTESIAN_POINT('',(143.8,-90.,710.));
#727 = SURFACE_CURVE('',#728,(#733,#740),.PCURVE_S1.);
#728 = CIRCLE('',#729,4.8);
#729 = AXIS2_PLACEMENT_3D('',#730,#731,#732);
#730 = CARTESIAN_POINT('',(139.,-90.,710.));
#731 = DIRECTION('',(0.,0.,1.));
#732 = DIRECTION('',(1.,0.,0.));
#733 = PCURVE('',#185,#734);
#734 = DEFINITIONAL_REPRESENTATION('',(#735),#739);
#735 = LINE('',#736,#737);
#736 = CARTESIAN_POINT('',(-0.,0.));
#737 = VECTOR('',#738,1.);
#738 = DIRECTION('',(-1.,0.));
#739 = ( GEOMETRIC_REPRESENTATION_CONTEXT(2) 
PARAMETRIC_REPRESENTATION_CONTEXT() REPRESENTATION_CONTEXT('2D SPACE',''
  ) );
#740 = PCURVE('',#741,#746);
#741 = PLANE('',#742);
#742 = AXIS2_PLACEMENT_3D('',#743,#744,#745);
#743 = CARTESIAN_POINT('',(139.,-90.,710.));
#744 = DIRECTION('',(0.,0.,1.));
#745 = DIRECTION('',(1.,0.,-0.));
#746 = DEFINITIONAL_REPRESENTATION('',(#747),#751);
#747 = CIRCLE('',#748,4.8);
#748 = AXIS2_PLACEMENT_2D('',#749,#750);
#749 = CARTESIAN_POINT('',(2.84217094304E-14,1.42108547152E-14));
#750 = DIRECTION('',(1.,0.));
#751 = ( GEOMETRIC_REPRESENTATION_CONTEXT(2) 
PARAMETRIC_REPRESENTATION_CONTEXT() REPRESENTATION_CONTEXT('2D SPACE',''
  ) );
#752 = ORIENTED_EDGE('',*,*,#753,.T.);
#753 = EDGE_CURVE('',#725,#168,#754,.T.);
#754 = SEAM_CURVE('',#755,(#759,#766),.PCURVE_S1.);
#755 = LINE('',#756,#757);
#756 = CARTESIAN_POINT('',(143.8,-90.,710.));
#757 = VECTOR('',#758,1.);
#758 = DIRECTION('',(0.,0.,1.));
#759 = PCURVE('',#185,#760);
#760 = DEFINITIONAL_REPRESENTATION('',(#761),#765);
#761 = LINE('',#762,#763);
#762 = CARTESIAN_POINT('',(-6.28318530718,0.));
#763 = VECTOR('',#764,1.);
#764 = DIRECTION('',(-0.,-1.));
#765 = ( GEOMETRIC_REPRESENTATION_CONTEXT(2) 
PARAMETRIC_REPRESENTATION_CONTEXT() REPRESENTATION_CONTEXT('2D SPACE',''
  ) );
#766 = PCURVE('',#185,#767);
#767 = DEFINITIONAL_REPRESENTATION('',(#768),#772);
#768 = LINE('',#769,#770);
#769 = CARTESIAN_POINT('',(-0.,0.));
#770 = VECTOR('',#771,1.);
#771 = DIRECTION('',(-0.,-1.));
#772 = ( GEOMETRIC_REPRESENTATION_CONTEXT(2) 
PARAMETRIC_REPRESENTATION_CONTEXT() REPRESENTATION_CONTEXT('2D SPACE',''
  ) );
#773 = ORIENTED_EDGE('',*,*,#774,.F.);
#774 = EDGE_CURVE('',#198,#168,#775,.T.);
#775 = SURFACE_CURVE('',#776,(#781,#788),.PCURVE_S1.);
#776 = CIRCLE('',#777,4.8);
#777 = AXIS2_PLACEMENT_3D('',#778,#779,#780);
#778 = CARTESIAN_POINT('',(139.,-90.,1.125E+03));
#779 = DIRECTION('',(0.,0.,-1.));
#780 = DIRECTION('',(1.,0.,0.));
#781 = PCURVE('',#185,#782);
#782 = DEFINITIONAL_REPRESENTATION('',(#783),#787);
#783 = LINE('',#784,#785);
#784 = CARTESIAN_POINT('',(-6.28318530718,-415.));
#785 = VECTOR('',#786,1.);
#786 = DIRECTION('',(1.,-0.));
#787 = ( GEOMETRIC_REPRESENTATION_CONTEXT(2) 
PARAMETRIC_REPRESENTATION_CONTEXT() REPRESENTATION_CONTEXT('2D SPACE',''
  ) );
#788 = PCURVE('',#213,#789);
#789 = DEFINITIONAL_REPRESENTATION('',(#790),#798);
#790 = ( BOUNDED_CURVE() B_SPLINE_CURVE(2,(#791,#792,#793,#794,#795,#796
,#797),.UNSPECIFIED.,.T.,.F.) B_SPLINE_CURVE_WITH_KNOTS((1,2,2,2,2,1),(
    -2.094395102393,0.,2.094395102393,4.188790204786,6.28318530718,
8.377580409573),.UNSPECIFIED.) CURVE() GEOMETRIC_REPRESENTATION_ITEM() 
RATIONAL_B_SPLINE_CURVE((1.,0.5,1.,0.5,1.,0.5,1.)) REPRESENTATION_ITEM(
  '') );
#791 = CARTESIAN_POINT('',(18.8,0.));
#792 = CARTESIAN_POINT('',(18.8,-8.313843876331));
#793 = CARTESIAN_POINT('',(11.6,-4.156921938165));
#794 = CARTESIAN_POINT('',(4.4,-1.175660927181E-15));
#795 = CARTESIAN_POINT('',(11.6,4.156921938165));
#796 = CARTESIAN_POINT('',(18.8,8.313843876331));
#797 = CARTESIAN_POINT('',(18.8,0.));
#798 = ( GEOMETRIC_REPRESENTATION_CONTEXT(2) 
PARAMETRIC_REPRESENTATION_CONTEXT() REPRESENTATION_CONTEXT('2D SPACE',''
  ) );
#799 = ORIENTED_EDGE('',*,*,#225,.F.);
#800 = ORIENTED_EDGE('',*,*,#801,.T.);
#801 = EDGE_CURVE('',#226,#170,#802,.T.);
#802 = SURFACE_CURVE('',#803,(#808,#815),.PCURVE_S1.);
#803 = CIRCLE('',#804,4.8);
#804 = AXIS2_PLACEMENT_3D('',#805,#806,#807);
#805 = CARTESIAN_POINT('',(139.,-90.,1.1325E+03));
#806 = DIRECTION('',(0.,0.,1.));
#807 = DIRECTION('',(1.,0.,0.));
#808 = PCURVE('',#185,#809);
#809 = DEFINITIONAL_REPRESENTATION('',(#810),#814);
#810 = LINE('',#811,#812);
#811 = CARTESIAN_POINT('',(-0.,-422.5));
#812 = VECTOR('',#813,1.);
#813 = DIRECTION('',(-1.,0.));
#814 = ( GEOMETRIC_REPRESENTATION_CONTEXT(2) 
PARAMETRIC_REPRESENTATION_CONTEXT() REPRESENTATION_CONTEXT('2D SPACE',''
  ) );
#815 = PCURVE('',#261,#816);
#816 = DEFINITIONAL_REPRESENTATION('',(#817),#821);
#817 = CIRCLE('',#818,4.8);
#818 = AXIS2_PLACEMENT_2D('',#819,#820);
#819 = CARTESIAN_POINT('',(2.84217094304E-14,1.42108547152E-14));
#820 = DIRECTION('',(1.,0.));
#821 = ( GEOMETRIC_REPRESENTATION_CONTEXT(2) 
PARAMETRIC_REPRESENTATION_CONTEXT() REPRESENTATION_CONTEXT('2D SPACE',''
  ) );
#822 = ORIENTED_EDGE('',*,*,#167,.F.);
#823 = ORIENTED_EDGE('',*,*,#753,.F.);
#824 = ADVANCED_FACE('',(#825),#261,.T.);
#825 = FACE_BOUND('',#826,.T.);
#826 = EDGE_LOOP('',(#827,#849,#850,#851));
#827 = ORIENTED_EDGE('',*,*,#828,.T.);
#828 = EDGE_CURVE('',#247,#344,#829,.T.);
#829 = SURFACE_CURVE('',#830,(#835,#842),.PCURVE_S1.);
#830 = CIRCLE('',#831,6.);
#831 = AXIS2_PLACEMENT_3D('',#832,#833,#834);
#832 = CARTESIAN_POINT('',(139.,-90.,1.1325E+03));
#833 = DIRECTION('',(0.,0.,1.));
#834 = DIRECTION('',(1.,0.,0.));
#835 = PCURVE('',#261,#836);
#836 = DEFINITIONAL_REPRESENTATION('',(#837),#841);
#837 = CIRCLE('',#838,6.);
#838 = AXIS2_PLACEMENT_2D('',#839,#840);
#839 = CARTESIAN_POINT('',(0.,1.42108547152E-14));
#840 = DIRECTION('',(1.,0.));
#841 = ( GEOMETRIC_REPRESENTATION_CONTEXT(2) 
PARAMETRIC_REPRESENTATION_CONTEXT() REPRESENTATION_CONTEXT('2D SPACE',''
  ) );
#842 = PCURVE('',#287,#843);
#843 = DEFINITIONAL_REPRESENTATION('',(#844),#848);
#844 = LINE('',#845,#846);
#845 = CARTESIAN_POINT('',(-0.,-422.5));
#846 = VECTOR('',#847,1.);
#847 = DIRECTION('',(-1.,0.));
#848 = ( GEOMETRIC_REPRESENTATION_CONTEXT(2) 
PARAMETRIC_REPRESENTATION_CONTEXT() REPRESENTATION_CONTEXT('2D SPACE',''
  ) );
#849 = ORIENTED_EDGE('',*,*,#371,.F.);
#850 = ORIENTED_EDGE('',*,*,#801,.F.);
#851 = ORIENTED_EDGE('',*,*,#246,.F.);
#852 = ADVANCED_FACE('',(#853),#359,.T.);
#853 = FACE_BOUND('',#854,.T.);
#854 = EDGE_LOOP('',(#855,#875,#876,#896,#897,#898));
#855 = ORIENTED_EDGE('',*,*,#856,.F.);
#856 = EDGE_CURVE('',#642,#344,#857,.T.);
#857 = SURFACE_CURVE('',#858,(#862,#869),.PCURVE_S1.);
#858 = LINE('',#859,#860);
#859 = CARTESIAN_POINT('',(145.,-90.,1.125E+03));
#860 = VECTOR('',#861,1.);
#861 = DIRECTION('',(0.,0.,1.));
#862 = PCURVE('',#359,#863);
#863 = DEFINITIONAL_REPRESENTATION('',(#864),#868);
#864 = LINE('',#865,#866);
#865 = CARTESIAN_POINT('',(0.,0.));
#866 = VECTOR('',#867,1.);
#867 = DIRECTION('',(1.,0.));
#868 = ( GEOMETRIC_REPRESENTATION_CONTEXT(2) 
PARAMETRIC_REPRESENTATION_CONTEXT() REPRESENTATION_CONTEXT('2D SPACE',''
  ) );
#869 = PCURVE('',#287,#870);
#870 = DEFINITIONAL_REPRESENTATION('',(#871),#874);
#871 = B_SPLINE_CURVE_WITH_KNOTS('',1,(#872,#873),.UNSPECIFIED.,.F.,.F.,
  (2,2),(0.,7.5),.PIECEWISE_BEZIER_KNOTS.);
#872 = CARTESIAN_POINT('',(-6.28318530718,-415.));
#873 = CARTESIAN_POINT('',(-6.28318530718,-422.5));
#874 = ( GEOMETRIC_REPRESENTATION_CONTEXT(2) 
PARAMETRIC_REPRESENTATION_CONTEXT() REPRESENTATION_CONTEXT('2D SPACE',''
  ) );
#875 = ORIENTED_EDGE('',*,*,#641,.T.);
#876 = ORIENTED_EDGE('',*,*,#877,.T.);
#877 = EDGE_CURVE('',#644,#597,#878,.T.);
#878 = SURFACE_CURVE('',#879,(#883,#890),.PCURVE_S1.);
#879 = LINE('',#880,#881);
#880 = CARTESIAN_POINT('',(145.,90.,1.125E+03));
#881 = VECTOR('',#882,1.);
#882 = DIRECTION('',(0.,0.,1.));
#883 = PCURVE('',#359,#884);
#884 = DEFINITIONAL_REPRESENTATION('',(#885),#889);
#885 = LINE('',#886,#887);
#886 = CARTESIAN_POINT('',(0.,-180.));
#887 = VECTOR('',#888,1.);
#888 = DIRECTION('',(1.,0.));
#889 = ( GEOMETRIC_REPRESENTATION_CONTEXT(2) 
PARAMETRIC_REPRESENTATION_CONTEXT() REPRESENTATION_CONTEXT('2D SPACE',''
  ) );
#890 = PCURVE('',#562,#891);
#891 = DEFINITIONAL_REPRESENTATION('',(#892),#895);
#892 = B_SPLINE_CURVE_WITH_KNOTS('',1,(#893,#894),.UNSPECIFIED.,.F.,.F.,
  (2,2),(0.,7.5),.PIECEWISE_BEZIER_KNOTS.);
#893 = CARTESIAN_POINT('',(0.,-415.));
#894 = CARTESIAN_POINT('',(0.,-422.5));
#895 = ( GEOMETRIC_REPRESENTATION_CONTEXT(2) 
PARAMETRIC_REPRESENTATION_CONTEXT() REPRESENTATION_CONTEXT('2D SPACE',''
  ) );
#896 = ORIENTED_EDGE('',*,*,#596,.T.);
#897 = ORIENTED_EDGE('',*,*,#395,.F.);
#898 = ORIENTED_EDGE('',*,*,#343,.F.);
#899 = ADVANCED_FACE('',(#900),#287,.T.);
#900 = FACE_BOUND('',#901,.F.);
#901 = EDGE_LOOP('',(#902,#926,#947,#948,#949,#950,#951));
#902 = ORIENTED_EDGE('',*,*,#903,.F.);
#903 = EDGE_CURVE('',#904,#904,#906,.T.);
#904 = VERTEX_POINT('',#905);
#905 = CARTESIAN_POINT('',(145.,-90.,710.));
#906 = SURFACE_CURVE('',#907,(#912,#919),.PCURVE_S1.);
#907 = CIRCLE('',#908,6.);
#908 = AXIS2_PLACEMENT_3D('',#909,#910,#911);
#909 = CARTESIAN_POINT('',(139.,-90.,710.));
#910 = DIRECTION('',(0.,0.,1.));
#911 = DIRECTION('',(1.,0.,0.));
#912 = PCURVE('',#287,#913);
#913 = DEFINITIONAL_REPRESENTATION('',(#914),#918);
#914 = LINE('',#915,#916);
#915 = CARTESIAN_POINT('',(-0.,0.));
#916 = VECTOR('',#917,1.);
#917 = DIRECTION('',(-1.,0.));
#918 = ( GEOMETRIC_REPRESENTATION_CONTEXT(2) 
PARAMETRIC_REPRESENTATION_CONTEXT() REPRESENTATION_CONTEXT('2D SPACE',''
  ) );
#919 = PCURVE('',#741,#920);
#920 = DEFINITIONAL_REPRESENTATION('',(#921),#925);
#921 = CIRCLE('',#922,6.);
#922 = AXIS2_PLACEMENT_2D('',#923,#924);
#923 = CARTESIAN_POINT('',(0.,1.42108547152E-14));
#924 = DIRECTION('',(1.,0.));
#925 = ( GEOMETRIC_REPRESENTATION_CONTEXT(2) 
PARAMETRIC_REPRESENTATION_CONTEXT() REPRESENTATION_CONTEXT('2D SPACE',''
  ) );
#926 = ORIENTED_EDGE('',*,*,#927,.T.);
#927 = EDGE_CURVE('',#904,#642,#928,.T.);
#928 = SEAM_CURVE('',#929,(#933,#940),.PCURVE_S1.);
#929 = LINE('',#930,#931);
#930 = CARTESIAN_POINT('',(145.,-90.,710.));
#931 = VECTOR('',#932,1.);
#932 = DIRECTION('',(0.,0.,1.));
#933 = PCURVE('',#287,#934);
#934 = DEFINITIONAL_REPRESENTATION('',(#935),#939);
#935 = LINE('',#936,#937);
#936 = CARTESIAN_POINT('',(-6.28318530718,0.));
#937 = VECTOR('',#938,1.);
#938 = DIRECTION('',(-0.,-1.));
#939 = ( GEOMETRIC_REPRESENTATION_CONTEXT(2) 
PARAMETRIC_REPRESENTATION_CONTEXT() REPRESENTATION_CONTEXT('2D SPACE',''
  ) );
#940 = PCURVE('',#287,#941);
#941 = DEFINITIONAL_REPRESENTATION('',(#942),#946);
#942 = LINE('',#943,#944);
#943 = CARTESIAN_POINT('',(-0.,0.));
#944 = VECTOR('',#945,1.);
#945 = DIRECTION('',(-0.,-1.));
#946 = ( GEOMETRIC_REPRESENTATION_CONTEXT(2) 
PARAMETRIC_REPRESENTATION_CONTEXT() REPRESENTATION_CONTEXT('2D SPACE',''
  ) );
#947 = ORIENTED_EDGE('',*,*,#695,.F.);
#948 = ORIENTED_EDGE('',*,*,#272,.F.);
#949 = ORIENTED_EDGE('',*,*,#828,.T.);
#950 = ORIENTED_EDGE('',*,*,#856,.F.);
#951 = ORIENTED_EDGE('',*,*,#927,.F.);
#952 = ADVANCED_FACE('',(#953),#213,.F.);
#953 = FACE_BOUND('',#954,.F.);
#954 = EDGE_LOOP('',(#955,#956));
#955 = ORIENTED_EDGE('',*,*,#774,.F.);
#956 = ORIENTED_EDGE('',*,*,#197,.T.);
#957 = ADVANCED_FACE('',(#958),#460,.F.);
#958 = FACE_BOUND('',#959,.T.);
#959 = EDGE_LOOP('',(#960,#989,#1010,#1011,#1033,#1034,#1060));
#960 = ORIENTED_EDGE('',*,*,#961,.F.);
#961 = EDGE_CURVE('',#962,#962,#964,.T.);
#962 = VERTEX_POINT('',#963);
#963 = CARTESIAN_POINT('',(143.8,90.,710.));
#964 = SURFACE_CURVE('',#965,(#970,#977),.PCURVE_S1.);
#965 = CIRCLE('',#966,4.8);
#966 = AXIS2_PLACEMENT_3D('',#967,#968,#969);
#967 = CARTESIAN_POINT('',(139.,90.,710.));
#968 = DIRECTION('',(0.,0.,1.));
#969 = DIRECTION('',(1.,0.,0.));
#970 = PCURVE('',#460,#971);
#971 = DEFINITIONAL_REPRESENTATION('',(#972),#976);
#972 = LINE('',#973,#974);
#973 = CARTESIAN_POINT('',(-0.,0.));
#974 = VECTOR('',#975,1.);
#975 = DIRECTION('',(-1.,0.));
#976 = ( GEOMETRIC_REPRESENTATION_CONTEXT(2) 
PARAMETRIC_REPRESENTATION_CONTEXT() REPRESENTATION_CONTEXT('2D SPACE',''
  ) );
#977 = PCURVE('',#978,#983);
#978 = PLANE('',#979);
#979 = AXIS2_PLACEMENT_3D('',#980,#981,#982);
#980 = CARTESIAN_POINT('',(139.,90.,710.));
#981 = DIRECTION('',(0.,0.,1.));
#982 = DIRECTION('',(1.,0.,-0.));
#983 = DEFINITIONAL_REPRESENTATION('',(#984),#988);
#984 = CIRCLE('',#985,4.8);
#985 = AXIS2_PLACEMENT_2D('',#986,#987);
#986 = CARTESIAN_POINT('',(2.84217094304E-14,-1.42108547152E-14));
#987 = DIRECTION('',(1.,0.));
#988 = ( GEOMETRIC_REPRESENTATION_CONTEXT(2) 
PARAMETRIC_REPRESENTATION_CONTEXT() REPRESENTATION_CONTEXT('2D SPACE',''
  ) );
#989 = ORIENTED_EDGE('',*,*,#990,.T.);
#990 = EDGE_CURVE('',#962,#443,#991,.T.);
#991 = SEAM_CURVE('',#992,(#996,#1003),.PCURVE_S1.);
#992 = LINE('',#993,#994);
#993 = CARTESIAN_POINT('',(143.8,90.,710.));
#994 = VECTOR('',#995,1.);
#995 = DIRECTION('',(0.,0.,1.));
#996 = PCURVE('',#460,#997);
#997 = DEFINITIONAL_REPRESENTATION('',(#998),#1002);
#998 = LINE('',#999,#1000);
#999 = CARTESIAN_POINT('',(-6.28318530718,0.));
#1000 = VECTOR('',#1001,1.);
#1001 = DIRECTION('',(-0.,-1.));
#1002 = ( GEOMETRIC_REPRESENTATION_CONTEXT(2) 
PARAMETRIC_REPRESENTATION_CONTEXT() REPRESENTATION_CONTEXT('2D SPACE',''
  ) );
#1003 = PCURVE('',#460,#1004);
#1004 = DEFINITIONAL_REPRESENTATION('',(#1005),#1009);
#1005 = LINE('',#1006,#1007);
#1006 = CARTESIAN_POINT('',(-0.,0.));
#1007 = VECTOR('',#1008,1.);
#1008 = DIRECTION('',(-0.,-1.));
#1009 = ( GEOMETRIC_REPRESENTATION_CONTEXT(2) 
PARAMETRIC_REPRESENTATION_CONTEXT() REPRESENTATION_CONTEXT('2D SPACE',''
  ) );
#1010 = ORIENTED_EDGE('',*,*,#442,.T.);
#1011 = ORIENTED_EDGE('',*,*,#1012,.T.);
#1012 = EDGE_CURVE('',#445,#501,#1013,.T.);
#1013 = SURFACE_CURVE('',#1014,(#1019,#1026),.PCURVE_S1.);
#1014 = CIRCLE('',#1015,4.8);
#1015 = AXIS2_PLACEMENT_3D('',#1016,#1017,#1018);
#1016 = CARTESIAN_POINT('',(139.,90.,1.1325E+03));
#1017 = DIRECTION('',(0.,0.,1.));
#1018 = DIRECTION('',(1.,0.,0.));
#1019 = PCURVE('',#460,#1020);
#1020 = DEFINITIONAL_REPRESENTATION('',(#1021),#1025);
#1021 = LINE('',#1022,#1023);
#1022 = CARTESIAN_POINT('',(-0.,-422.5));
#1023 = VECTOR('',#1024,1.);
#1024 = DIRECTION('',(-1.,0.));
#1025 = ( GEOMETRIC_REPRESENTATION_CONTEXT(2) 
PARAMETRIC_REPRESENTATION_CONTEXT() REPRESENTATION_CONTEXT('2D SPACE',''
  ) );
#1026 = PCURVE('',#536,#1027);
#1027 = DEFINITIONAL_REPRESENTATION('',(#1028),#1032);
#1028 = CIRCLE('',#1029,4.8);
#1029 = AXIS2_PLACEMENT_2D('',#1030,#1031);
#1030 = CARTESIAN_POINT('',(2.84217094304E-14,-1.42108547152E-14));
#1031 = DIRECTION('',(1.,0.));
#1032 = ( GEOMETRIC_REPRESENTATION_CONTEXT(2) 
PARAMETRIC_REPRESENTATION_CONTEXT() REPRESENTATION_CONTEXT('2D SPACE',''
  ) );
#1033 = ORIENTED_EDGE('',*,*,#500,.T.);
#1034 = ORIENTED_EDGE('',*,*,#1035,.F.);
#1035 = EDGE_CURVE('',#443,#473,#1036,.T.);
#1036 = SURFACE_CURVE('',#1037,(#1042,#1049),.PCURVE_S1.);
#1037 = CIRCLE('',#1038,4.8);
#1038 = AXIS2_PLACEMENT_3D('',#1039,#1040,#1041);
#1039 = CARTESIAN_POINT('',(139.,90.,1.125E+03));
#1040 = DIRECTION('',(0.,0.,-1.));
#1041 = DIRECTION('',(1.,0.,0.));
#1042 = PCURVE('',#460,#1043);
#1043 = DEFINITIONAL_REPRESENTATION('',(#1044),#1048);
#1044 = LINE('',#1045,#1046);
#1045 = CARTESIAN_POINT('',(-6.28318530718,-415.));
#1046 = VECTOR('',#1047,1.);
#1047 = DIRECTION('',(1.,-0.));
#1048 = ( GEOMETRIC_REPRESENTATION_CONTEXT(2) 
PARAMETRIC_REPRESENTATION_CONTEXT() REPRESENTATION_CONTEXT('2D SPACE',''
  ) );
#1049 = PCURVE('',#488,#1050);
#1050 = DEFINITIONAL_REPRESENTATION('',(#1051),#1059);
#1051 = ( BOUNDED_CURVE() B_SPLINE_CURVE(2,(#1052,#1053,#1054,#1055,
#1056,#1057,#1058),.UNSPECIFIED.,.T.,.F.) B_SPLINE_CURVE_WITH_KNOTS((1,2
    ,2,2,2,1),(-2.094395102393,0.,2.094395102393,4.188790204786,
6.28318530718,8.377580409573),.UNSPECIFIED.) CURVE() 
GEOMETRIC_REPRESENTATION_ITEM() RATIONAL_B_SPLINE_CURVE((1.,0.5,1.,0.5,
1.,0.5,1.)) REPRESENTATION_ITEM('') );
#1052 = CARTESIAN_POINT('',(18.8,180.));
#1053 = CARTESIAN_POINT('',(18.8,171.68615612366));
#1054 = CARTESIAN_POINT('',(11.6,175.84307806183));
#1055 = CARTESIAN_POINT('',(4.4,180.));
#1056 = CARTESIAN_POINT('',(11.6,184.15692193816));
#1057 = CARTESIAN_POINT('',(18.8,188.31384387633));
#1058 = CARTESIAN_POINT('',(18.8,180.));
#1059 = ( GEOMETRIC_REPRESENTATION_CONTEXT(2) 
PARAMETRIC_REPRESENTATION_CONTEXT() REPRESENTATION_CONTEXT('2D SPACE',''
  ) );
#1060 = ORIENTED_EDGE('',*,*,#990,.F.);
#1061 = ADVANCED_FACE('',(#1062),#536,.T.);
#1062 = FACE_BOUND('',#1063,.T.);
#1063 = EDGE_LOOP('',(#1064,#1065,#1087,#1088));
#1064 = ORIENTED_EDGE('',*,*,#619,.T.);
#1065 = ORIENTED_EDGE('',*,*,#1066,.T.);
#1066 = EDGE_CURVE('',#597,#522,#1067,.T.);
#1067 = SURFACE_CURVE('',#1068,(#1073,#1080),.PCURVE_S1.);
#1068 = CIRCLE('',#1069,6.);
#1069 = AXIS2_PLACEMENT_3D('',#1070,#1071,#1072);
#1070 = CARTESIAN_POINT('',(139.,90.,1.1325E+03));
#1071 = DIRECTION('',(0.,0.,1.));
#1072 = DIRECTION('',(1.,0.,0.));
#1073 = PCURVE('',#536,#1074);
#1074 = DEFINITIONAL_REPRESENTATION('',(#1075),#1079);
#1075 = CIRCLE('',#1076,6.);
#1076 = AXIS2_PLACEMENT_2D('',#1077,#1078);
#1077 = CARTESIAN_POINT('',(0.,-1.42108547152E-14));
#1078 = DIRECTION('',(1.,0.));
#1079 = ( GEOMETRIC_REPRESENTATION_CONTEXT(2) 
PARAMETRIC_REPRESENTATION_CONTEXT() REPRESENTATION_CONTEXT('2D SPACE',''
  ) );
#1080 = PCURVE('',#562,#1081);
#1081 = DEFINITIONAL_REPRESENTATION('',(#1082),#1086);
#1082 = LINE('',#1083,#1084);
#1083 = CARTESIAN_POINT('',(-0.,-422.5));
#1084 = VECTOR('',#1085,1.);
#1085 = DIRECTION('',(-1.,0.));
#1086 = ( GEOMETRIC_REPRESENTATION_CONTEXT(2) 
PARAMETRIC_REPRESENTATION_CONTEXT() REPRESENTATION_CONTEXT('2D SPACE',''
  ) );
#1087 = ORIENTED_EDGE('',*,*,#521,.T.);
#1088 = ORIENTED_EDGE('',*,*,#1012,.F.);
#1089 = ADVANCED_FACE('',(#1090),#562,.T.);
#1090 = FACE_BOUND('',#1091,.F.);
#1091 = EDGE_LOOP('',(#1092,#1116,#1137,#1138,#1139,#1140,#1141));
#1092 = ORIENTED_EDGE('',*,*,#1093,.F.);
#1093 = EDGE_CURVE('',#1094,#1094,#1096,.T.);
#1094 = VERTEX_POINT('',#1095);
#1095 = CARTESIAN_POINT('',(145.,90.,710.));
#1096 = SURFACE_CURVE('',#1097,(#1102,#1109),.PCURVE_S1.);
#1097 = CIRCLE('',#1098,6.);
#1098 = AXIS2_PLACEMENT_3D('',#1099,#1100,#1101);
#1099 = CARTESIAN_POINT('',(139.,90.,710.));
#1100 = DIRECTION('',(0.,0.,1.));
#1101 = DIRECTION('',(1.,0.,0.));
#1102 = PCURVE('',#562,#1103);
#1103 = DEFINITIONAL_REPRESENTATION('',(#1104),#1108);
#1104 = LINE('',#1105,#1106);
#1105 = CARTESIAN_POINT('',(-0.,0.));
#1106 = VECTOR('',#1107,1.);
#1107 = DIRECTION('',(-1.,0.));
#1108 = ( GEOMETRIC_REPRESENTATION_CONTEXT(2) 
PARAMETRIC_REPRESENTATION_CONTEXT() REPRESENTATION_CONTEXT('2D SPACE',''
  ) );
#1109 = PCURVE('',#978,#1110);
#1110 = DEFINITIONAL_REPRESENTATION('',(#1111),#1115);
#1111 = CIRCLE('',#1112,6.);
#1112 = AXIS2_PLACEMENT_2D('',#1113,#1114);
#1113 = CARTESIAN_POINT('',(0.,-1.42108547152E-14));
#1114 = DIRECTION('',(1.,0.));
#1115 = ( GEOMETRIC_REPRESENTATION_CONTEXT(2) 
PARAMETRIC_REPRESENTATION_CONTEXT() REPRESENTATION_CONTEXT('2D SPACE',''
  ) );
#1116 = ORIENTED_EDGE('',*,*,#1117,.T.);
#1117 = EDGE_CURVE('',#1094,#644,#1118,.T.);
#1118 = SEAM_CURVE('',#1119,(#1123,#1130),.PCURVE_S1.);
#1119 = LINE('',#1120,#1121);
#1120 = CARTESIAN_POINT('',(145.,90.,710.));
#1121 = VECTOR('',#1122,1.);
#1122 = DIRECTION('',(0.,0.,1.));
#1123 = PCURVE('',#562,#1124);
#1124 = DEFINITIONAL_REPRESENTATION('',(#1125),#1129);
#1125 = LINE('',#1126,#1127);
#1126 = CARTESIAN_POINT('',(-6.28318530718,0.));
#1127 = VECTOR('',#1128,1.);
#1128 = DIRECTION('',(-0.,-1.));
#1129 = ( GEOMETRIC_REPRESENTATION_CONTEXT(2) 
PARAMETRIC_REPRESENTATION_CONTEXT() REPRESENTATION_CONTEXT('2D SPACE',''
  ) );
#1130 = PCURVE('',#562,#1131);
#1131 = DEFINITIONAL_REPRESENTATION('',(#1132),#1136);
#1132 = LINE('',#1133,#1134);
#1133 = CARTESIAN_POINT('',(-0.,0.));
#1134 = VECTOR('',#1135,1.);
#1135 = DIRECTION('',(-0.,-1.));
#1136 = ( GEOMETRIC_REPRESENTATION_CONTEXT(2) 
PARAMETRIC_REPRESENTATION_CONTEXT() REPRESENTATION_CONTEXT('2D SPACE',''
  ) );
#1137 = ORIENTED_EDGE('',*,*,#877,.T.);
#1138 = ORIENTED_EDGE('',*,*,#1066,.T.);
#1139 = ORIENTED_EDGE('',*,*,#547,.T.);
#1140 = ORIENTED_EDGE('',*,*,#666,.F.);
#1141 = ORIENTED_EDGE('',*,*,#1117,.F.);
#1142 = ADVANCED_FACE('',(#1143),#488,.F.);
#1143 = FACE_BOUND('',#1144,.F.);
#1144 = EDGE_LOOP('',(#1145,#1146));
#1145 = ORIENTED_EDGE('',*,*,#1035,.F.);
#1146 = ORIENTED_EDGE('',*,*,#472,.F.);
#1147 = ADVANCED_FACE('',(#1148,#1151),#741,.F.);
#1148 = FACE_BOUND('',#1149,.F.);
#1149 = EDGE_LOOP('',(#1150));
#1150 = ORIENTED_EDGE('',*,*,#903,.T.);
#1151 = FACE_BOUND('',#1152,.F.);
#1152 = EDGE_LOOP('',(#1153));
#1153 = ORIENTED_EDGE('',*,*,#724,.F.);
#1154 = ADVANCED_FACE('',(#1155,#1158),#978,.F.);
#1155 = FACE_BOUND('',#1156,.F.);
#1156 = EDGE_LOOP('',(#1157));
#1157 = ORIENTED_EDGE('',*,*,#1093,.T.);
#1158 = FACE_BOUND('',#1159,.F.);
#1159 = EDGE_LOOP('',(#1160));
#1160 = ORIENTED_EDGE('',*,*,#961,.F.);
#1161 = ( GEOMETRIC_REPRESENTATION_CONTEXT(3) 
GLOBAL_UNCERTAINTY_ASSIGNED_CONTEXT((#1165)) 
GLOBAL_UNIT_ASSIGNED_CONTEXT((#1162,#1163,#1164)) REPRESENTATION_CONTEXT
('Context #1','3D Context with UNIT and UNCERTAINTY') );
#1162 = ( LENGTH_UNIT() NAMED_UNIT(*) SI_UNIT(.MILLI.,.METRE.) );
#1163 = ( NAMED_UNIT(*) PLANE_ANGLE_UNIT() SI_UNIT($,.RADIAN.) );
#1164 = ( NAMED_UNIT(*) SI_UNIT($,.STERADIAN.) SOLID_ANGLE_UNIT() );
#1165 = UNCERTAINTY_MEASURE_WITH_UNIT(LENGTH_MEASURE(1.E-07),#1162,
  'distance_accuracy_value','confusion accuracy');
#1166 = CONTEXT_DEPENDENT_SHAPE_REPRESENTATION(#1167,#1169);
#1167 = ( REPRESENTATION_RELATIONSHIP('','',#40,#10) 
REPRESENTATION_RELATIONSHIP_WITH_TRANSFORMATION(#1168) 
SHAPE_REPRESENTATION_RELATIONSHIP() );
#1168 = ITEM_DEFINED_TRANSFORMATION('','',#11,#15);
#1169 = PRODUCT_DEFINITION_SHAPE('Placement','Placement of an item',
  #1170);
#1170 = NEXT_ASSEMBLY_USAGE_OCCURRENCE('1','handle_frame','',#5,#35,$);
#1171 = PRODUCT_RELATED_PRODUCT_CATEGORY('part',$,(#37));
#1172 = SHAPE_DEFINITION_REPRESENTATION(#1173,#1179);
#1173 = PRODUCT_DEFINITION_SHAPE('','',#1174);
#1174 = PRODUCT_DEFINITION('design','',#1175,#1178);
#1175 = PRODUCT_DEFINITION_FORMATION('','',#1176);
#1176 = PRODUCT('socket_left','socket_left','',(#1177));
#1177 = PRODUCT_CONTEXT('',#2,'mechanical');
#1178 = PRODUCT_DEFINITION_CONTEXT('part definition',#2,'design');
#1179 = ADVANCED_BREP_SHAPE_REPRESENTATION('',(#11,#1180),#2002);
#1180 = MANIFOLD_SOLID_BREP('',#1181);
#1181 = CLOSED_SHELL('',(#1182,#1302,#1558,#1608,#1662,#1787,#1814,#1841
    ,#1935,#1963,#1990,#1997));
#1182 = ADVANCED_FACE('',(#1183),#1197,.F.);
#1183 = FACE_BOUND('',#1184,.F.);
#1184 = EDGE_LOOP('',(#1185,#1220,#1248,#1276));
#1185 = ORIENTED_EDGE('',*,*,#1186,.F.);
#1186 = EDGE_CURVE('',#1187,#1189,#1191,.T.);
#1187 = VERTEX_POINT('',#1188);
#1188 = CARTESIAN_POINT('',(123.,-101.,790.));
#1189 = VERTEX_POINT('',#1190);
#1190 = CARTESIAN_POINT('',(123.,-79.,790.));
#1191 = SURFACE_CURVE('',#1192,(#1196,#1208),.PCURVE_S1.);
#1192 = LINE('',#1193,#1194);
#1193 = CARTESIAN_POINT('',(123.,-103.,790.));
#1194 = VECTOR('',#1195,1.);
#1195 = DIRECTION('',(0.,1.,0.));
#1196 = PCURVE('',#1197,#1202);
#1197 = PLANE('',#1198);
#1198 = AXIS2_PLACEMENT_3D('',#1199,#1200,#1201);
#1199 = CARTESIAN_POINT('',(123.,-103.,700.));
#1200 = DIRECTION('',(1.,0.,0.));
#1201 = DIRECTION('',(0.,0.,1.));
#1202 = DEFINITIONAL_REPRESENTATION('',(#1203),#1207);
#1203 = LINE('',#1204,#1205);
#1204 = CARTESIAN_POINT('',(90.,0.));
#1205 = VECTOR('',#1206,1.);
#1206 = DIRECTION('',(0.,-1.));
#1207 = ( GEOMETRIC_REPRESENTATION_CONTEXT(2) 
PARAMETRIC_REPRESENTATION_CONTEXT() REPRESENTATION_CONTEXT('2D SPACE',''
  ) );
#1208 = PCURVE('',#1209,#1214);
#1209 = PLANE('',#1210);
#1210 = AXIS2_PLACEMENT_3D('',#1211,#1212,#1213);
#1211 = CARTESIAN_POINT('',(123.,-103.,790.));
#1212 = DIRECTION('',(0.,0.,1.));
#1213 = DIRECTION('',(1.,0.,0.));
#1214 = DEFINITIONAL_REPRESENTATION('',(#1215),#1219);
#1215 = LINE('',#1216,#1217);
#1216 = CARTESIAN_POINT('',(0.,0.));
#1217 = VECTOR('',#1218,1.);
#1218 = DIRECTION('',(0.,1.));
#1219 = ( GEOMETRIC_REPRESENTATION_CONTEXT(2) 
PARAMETRIC_REPRESENTATION_CONTEXT() REPRESENTATION_CONTEXT('2D SPACE',''
  ) );
#1220 = ORIENTED_EDGE('',*,*,#1221,.F.);
#1221 = EDGE_CURVE('',#1222,#1187,#1224,.T.);
#1222 = VERTEX_POINT('',#1223);
#1223 = CARTESIAN_POINT('',(123.,-101.,700.));
#1224 = SURFACE_CURVE('',#1225,(#1229,#1236),.PCURVE_S1.);
#1225 = LINE('',#1226,#1227);
#1226 = CARTESIAN_POINT('',(123.,-101.,700.));
#1227 = VECTOR('',#1228,1.);
#1228 = DIRECTION('',(0.,0.,1.));
#1229 = PCURVE('',#1197,#1230);
#1230 = DEFINITIONAL_REPRESENTATION('',(#1231),#1235);
#1231 = LINE('',#1232,#1233);
#1232 = CARTESIAN_POINT('',(0.,-2.));
#1233 = VECTOR('',#1234,1.);
#1234 = DIRECTION('',(1.,0.));
#1235 = ( GEOMETRIC_REPRESENTATION_CONTEXT(2) 
PARAMETRIC_REPRESENTATION_CONTEXT() REPRESENTATION_CONTEXT('2D SPACE',''
  ) );
#1236 = PCURVE('',#1237,#1242);
#1237 = CYLINDRICAL_SURFACE('',#1238,2.);
#1238 = AXIS2_PLACEMENT_3D('',#1239,#1240,#1241);
#1239 = CARTESIAN_POINT('',(125.,-101.,700.));
#1240 = DIRECTION('',(0.,0.,1.));
#1241 = DIRECTION('',(-1.,-0.,0.));
#1242 = DEFINITIONAL_REPRESENTATION('',(#1243),#1247);
#1243 = LINE('',#1244,#1245);
#1244 = CARTESIAN_POINT('',(0.,0.));
#1245 = VECTOR('',#1246,1.);
#1246 = DIRECTION('',(0.,1.));
#1247 = ( GEOMETRIC_REPRESENTATION_CONTEXT(2) 
PARAMETRIC_REPRESENTATION_CONTEXT() REPRESENTATION_CONTEXT('2D SPACE',''
  ) );
#1248 = ORIENTED_EDGE('',*,*,#1249,.T.);
#1249 = EDGE_CURVE('',#1222,#1250,#1252,.T.);
#1250 = VERTEX_POINT('',#1251);
#1251 = CARTESIAN_POINT('',(123.,-79.,700.));
#1252 = SURFACE_CURVE('',#1253,(#1257,#1264),.PCURVE_S1.);
#1253 = LINE('',#1254,#1255);
#1254 = CARTESIAN_POINT('',(123.,-103.,700.));
#1255 = VECTOR('',#1256,1.);
#1256 = DIRECTION('',(0.,1.,0.));
#1257 = PCURVE('',#1197,#1258);
#1258 = DEFINITIONAL_REPRESENTATION('',(#1259),#1263);
#1259 = LINE('',#1260,#1261);
#1260 = CARTESIAN_POINT('',(0.,0.));
#1261 = VECTOR('',#1262,1.);
#1262 = DIRECTION('',(0.,-1.));
#1263 = ( GEOMETRIC_REPRESENTATION_CONTEXT(2) 
PARAMETRIC_REPRESENTATION_CONTEXT() REPRESENTATION_CONTEXT('2D SPACE',''
  ) );
#1264 = PCURVE('',#1265,#1270);
#1265 = PLANE('',#1266);
#1266 = AXIS2_PLACEMENT_3D('',#1267,#1268,#1269);
#1267 = CARTESIAN_POINT('',(123.,-103.,700.));
#1268 = DIRECTION('',(0.,0.,1.));
#1269 = DIRECTION('',(1.,0.,0.));
#1270 = DEFINITIONAL_REPRESENTATION('',(#1271),#1275);
#1271 = LINE('',#1272,#1273);
#1272 = CARTESIAN_POINT('',(0.,0.));
#1273 = VECTOR('',#1274,1.);
#1274 = DIRECTION('',(0.,1.));
#1275 = ( GEOMETRIC_REPRESENTATION_CONTEXT(2) 
PARAMETRIC_REPRESENTATION_CONTEXT() REPRESENTATION_CONTEXT('2D SPACE',''
  ) );
#1276 = ORIENTED_EDGE('',*,*,#1277,.T.);
#1277 = EDGE_CURVE('',#1250,#1189,#1278,.T.);
#1278 = SURFACE_CURVE('',#1279,(#1283,#1290),.PCURVE_S1.);
#1279 = LINE('',#1280,#1281);
#1280 = CARTESIAN_POINT('',(123.,-79.,700.));
#1281 = VECTOR('',#1282,1.);
#1282 = DIRECTION('',(0.,0.,1.));
#1283 = PCURVE('',#1197,#1284);
#1284 = DEFINITIONAL_REPRESENTATION('',(#1285),#1289);
#1285 = LINE('',#1286,#1287);
#1286 = CARTESIAN_POINT('',(0.,-24.));
#1287 = VECTOR('',#1288,1.);
#1288 = DIRECTION('',(1.,0.));
#1289 = ( GEOMETRIC_REPRESENTATION_CONTEXT(2) 
PARAMETRIC_REPRESENTATION_CONTEXT() REPRESENTATION_CONTEXT('2D SPACE',''
  ) );
#1290 = PCURVE('',#1291,#1296);
#1291 = CYLINDRICAL_SURFACE('',#1292,2.);
#1292 = AXIS2_PLACEMENT_3D('',#1293,#1294,#1295);
#1293 = CARTESIAN_POINT('',(125.,-79.,700.));
#1294 = DIRECTION('',(0.,0.,1.));
#1295 = DIRECTION('',(-1.,-0.,0.));
#1296 = DEFINITIONAL_REPRESENTATION('',(#1297),#1301);
#1297 = LINE('',#1298,#1299);
#1298 = CARTESIAN_POINT('',(-0.,0.));
#1299 = VECTOR('',#1300,1.);
#1300 = DIRECTION('',(-0.,1.));
#1301 = ( GEOMETRIC_REPRESENTATION_CONTEXT(2) 
PARAMETRIC_REPRESENTATION_CONTEXT() REPRESENTATION_CONTEXT('2D SPACE',''
  ) );
#1302 = ADVANCED_FACE('',(#1303),#1209,.T.);
#1303 = FACE_BOUND('',#1304,.T.);
#1304 = EDGE_LOOP('',(#1305,#1306,#1330,#1358,#1391,#1419,#1452,#1475,
    #1504,#1532));
#1305 = ORIENTED_EDGE('',*,*,#1186,.F.);
#1306 = ORIENTED_EDGE('',*,*,#1307,.T.);
#1307 = EDGE_CURVE('',#1187,#1308,#1310,.T.);
#1308 = VERTEX_POINT('',#1309);
#1309 = CARTESIAN_POINT('',(125.,-103.,790.));
#1310 = SURFACE_CURVE('',#1311,(#1316,#1323),.PCURVE_S1.);
#1311 = CIRCLE('',#1312,2.);
#1312 = AXIS2_PLACEMENT_3D('',#1313,#1314,#1315);
#1313 = CARTESIAN_POINT('',(125.,-101.,790.));
#1314 = DIRECTION('',(0.,0.,1.));
#1315 = DIRECTION('',(0.,-1.,0.));
#1316 = PCURVE('',#1209,#1317);
#1317 = DEFINITIONAL_REPRESENTATION('',(#1318),#1322);
#1318 = CIRCLE('',#1319,2.);
#1319 = AXIS2_PLACEMENT_2D('',#1320,#1321);
#1320 = CARTESIAN_POINT('',(2.,2.));
#1321 = DIRECTION('',(0.,-1.));
#1322 = ( GEOMETRIC_REPRESENTATION_CONTEXT(2) 
PARAMETRIC_REPRESENTATION_CONTEXT() REPRESENTATION_CONTEXT('2D SPACE',''
  ) );
#1323 = PCURVE('',#1237,#1324);
#1324 = DEFINITIONAL_REPRESENTATION('',(#1325),#1329);
#1325 = LINE('',#1326,#1327);
#1326 = CARTESIAN_POINT('',(-4.712388980385,90.));
#1327 = VECTOR('',#1328,1.);
#1328 = DIRECTION('',(1.,0.));
#1329 = ( GEOMETRIC_REPRESENTATION_CONTEXT(2) 
PARAMETRIC_REPRESENTATION_CONTEXT() REPRESENTATION_CONTEXT('2D SPACE',''
  ) );
#1330 = ORIENTED_EDGE('',*,*,#1331,.T.);
#1331 = EDGE_CURVE('',#1308,#1332,#1334,.T.);
#1332 = VERTEX_POINT('',#1333);
#1333 = CARTESIAN_POINT('',(143.,-103.,790.));
#1334 = SURFACE_CURVE('',#1335,(#1339,#1346),.PCURVE_S1.);
#1335 = LINE('',#1336,#1337);
#1336 = CARTESIAN_POINT('',(123.,-103.,790.));
#1337 = VECTOR('',#1338,1.);
#1338 = DIRECTION('',(1.,0.,0.));
#1339 = PCURVE('',#1209,#1340);
#1340 = DEFINITIONAL_REPRESENTATION('',(#1341),#1345);
#1341 = LINE('',#1342,#1343);
#1342 = CARTESIAN_POINT('',(0.,0.));
#1343 = VECTOR('',#1344,1.);
#1344 = DIRECTION('',(1.,0.));
#1345 = ( GEOMETRIC_REPRESENTATION_CONTEXT(2) 
PARAMETRIC_REPRESENTATION_CONTEXT() REPRESENTATION_CONTEXT('2D SPACE',''
  ) );
#1346 = PCURVE('',#1347,#1352);
#1347 = PLANE('',#1348);
#1348 = AXIS2_PLACEMENT_3D('',#1349,#1350,#1351);
#1349 = CARTESIAN_POINT('',(123.,-103.,700.));
#1350 = DIRECTION('',(0.,1.,0.));
#1351 = DIRECTION('',(0.,0.,1.));
#1352 = DEFINITIONAL_REPRESENTATION('',(#1353),#1357);
#1353 = LINE('',#1354,#1355);
#1354 = CARTESIAN_POINT('',(90.,0.));
#1355 = VECTOR('',#1356,1.);
#1356 = DIRECTION('',(0.,1.));
#1357 = ( GEOMETRIC_REPRESENTATION_CONTEXT(2) 
PARAMETRIC_REPRESENTATION_CONTEXT() REPRESENTATION_CONTEXT('2D SPACE',''
  ) );
#1358 = ORIENTED_EDGE('',*,*,#1359,.F.);
#1359 = EDGE_CURVE('',#1360,#1332,#1362,.T.);
#1360 = VERTEX_POINT('',#1361);
#1361 = CARTESIAN_POINT('',(145.,-101.,790.));
#1362 = SURFACE_CURVE('',#1363,(#1368,#1379),.PCURVE_S1.);
#1363 = CIRCLE('',#1364,2.);
#1364 = AXIS2_PLACEMENT_3D('',#1365,#1366,#1367);
#1365 = CARTESIAN_POINT('',(143.,-101.,790.));
#1366 = DIRECTION('',(-0.,-0.,-1.));
#1367 = DIRECTION('',(0.,-1.,0.));
#1368 = PCURVE('',#1209,#1369);
#1369 = DEFINITIONAL_REPRESENTATION('',(#1370),#1378);
#1370 = ( BOUNDED_CURVE() B_SPLINE_CURVE(2,(#1371,#1372,#1373,#1374,
#1375,#1376,#1377),.UNSPECIFIED.,.T.,.F.) B_SPLINE_CURVE_WITH_KNOTS((1,2
    ,2,2,2,1),(-2.094395102393,0.,2.094395102393,4.188790204786,
6.28318530718,8.377580409573),.UNSPECIFIED.) CURVE() 
GEOMETRIC_REPRESENTATION_ITEM() RATIONAL_B_SPLINE_CURVE((1.,0.5,1.,0.5,
1.,0.5,1.)) REPRESENTATION_ITEM('') );
#1371 = CARTESIAN_POINT('',(20.,0.));
#1372 = CARTESIAN_POINT('',(16.535898384862,0.));
#1373 = CARTESIAN_POINT('',(18.267949192431,3.));
#1374 = CARTESIAN_POINT('',(20.,6.));
#1375 = CARTESIAN_POINT('',(21.732050807569,3.));
#1376 = CARTESIAN_POINT('',(23.464101615138,3.10862446895E-15));
#1377 = CARTESIAN_POINT('',(20.,0.));
#1378 = ( GEOMETRIC_REPRESENTATION_CONTEXT(2) 
PARAMETRIC_REPRESENTATION_CONTEXT() REPRESENTATION_CONTEXT('2D SPACE',''
  ) );
#1379 = PCURVE('',#1380,#1385);
#1380 = CYLINDRICAL_SURFACE('',#1381,2.);
#1381 = AXIS2_PLACEMENT_3D('',#1382,#1383,#1384);
#1382 = CARTESIAN_POINT('',(143.,-101.,700.));
#1383 = DIRECTION('',(0.,0.,1.));
#1384 = DIRECTION('',(1.,0.,-0.));
#1385 = DEFINITIONAL_REPRESENTATION('',(#1386),#1390);
#1386 = LINE('',#1387,#1388);
#1387 = CARTESIAN_POINT('',(4.712388980385,90.));
#1388 = VECTOR('',#1389,1.);
#1389 = DIRECTION('',(-1.,0.));
#1390 = ( GEOMETRIC_REPRESENTATION_CONTEXT(2) 
PARAMETRIC_REPRESENTATION_CONTEXT() REPRESENTATION_CONTEXT('2D SPACE',''
  ) );
#1391 = ORIENTED_EDGE('',*,*,#1392,.T.);
#1392 = EDGE_CURVE('',#1360,#1393,#1395,.T.);
#1393 = VERTEX_POINT('',#1394);
#1394 = CARTESIAN_POINT('',(145.,-91.56204993518,790.));
#1395 = SURFACE_CURVE('',#1396,(#1400,#1407),.PCURVE_S1.);
#1396 = LINE('',#1397,#1398);
#1397 = CARTESIAN_POINT('',(145.,-103.,790.));
#1398 = VECTOR('',#1399,1.);
#1399 = DIRECTION('',(0.,1.,0.));
#1400 = PCURVE('',#1209,#1401);
#1401 = DEFINITIONAL_REPRESENTATION('',(#1402),#1406);
#1402 = LINE('',#1403,#1404);
#1403 = CARTESIAN_POINT('',(22.,0.));
#1404 = VECTOR('',#1405,1.);
#1405 = DIRECTION('',(0.,1.));
#1406 = ( GEOMETRIC_REPRESENTATION_CONTEXT(2) 
PARAMETRIC_REPRESENTATION_CONTEXT() REPRESENTATION_CONTEXT('2D SPACE',''
  ) );
#1407 = PCURVE('',#1408,#1413);
#1408 = PLANE('',#1409);
#1409 = AXIS2_PLACEMENT_3D('',#1410,#1411,#1412);
#1410 = CARTESIAN_POINT('',(145.,-103.,700.));
#1411 = DIRECTION('',(1.,0.,0.));
#1412 = DIRECTION('',(0.,0.,1.));
#1413 = DEFINITIONAL_REPRESENTATION('',(#1414),#1418);
#1414 = LINE('',#1415,#1416);
#1415 = CARTESIAN_POINT('',(90.,0.));
#1416 = VECTOR('',#1417,1.);
#1417 = DIRECTION('',(0.,-1.));
#1418 = ( GEOMETRIC_REPRESENTATION_CONTEXT(2) 
PARAMETRIC_REPRESENTATION_CONTEXT() REPRESENTATION_CONTEXT('2D SPACE',''
  ) );
#1419 = ORIENTED_EDGE('',*,*,#1420,.T.);
#1420 = EDGE_CURVE('',#1393,#1421,#1423,.T.);
#1421 = VERTEX_POINT('',#1422);
#1422 = CARTESIAN_POINT('',(145.,-88.43795006481,790.));
#1423 = SURFACE_CURVE('',#1424,(#1429,#1440),.PCURVE_S1.);
#1424 = CIRCLE('',#1425,6.2);
#1425 = AXIS2_PLACEMENT_3D('',#1426,#1427,#1428);
#1426 = CARTESIAN_POINT('',(139.,-90.,790.));
#1427 = DIRECTION('',(0.,0.,-1.));
#1428 = DIRECTION('',(1.,0.,0.));
#1429 = PCURVE('',#1209,#1430);
#1430 = DEFINITIONAL_REPRESENTATION('',(#1431),#1439);
#1431 = ( BOUNDED_CURVE() B_SPLINE_CURVE(2,(#1432,#1433,#1434,#1435,
#1436,#1437,#1438),.UNSPECIFIED.,.T.,.F.) B_SPLINE_CURVE_WITH_KNOTS((1,2
    ,2,2,2,1),(-2.094395102393,0.,2.094395102393,4.188790204786,
6.28318530718,8.377580409573),.UNSPECIFIED.) CURVE() 
GEOMETRIC_REPRESENTATION_ITEM() RATIONAL_B_SPLINE_CURVE((1.,0.5,1.,0.5,
1.,0.5,1.)) REPRESENTATION_ITEM('') );
#1432 = CARTESIAN_POINT('',(22.2,13.));
#1433 = CARTESIAN_POINT('',(22.2,2.261284993073));
#1434 = CARTESIAN_POINT('',(12.9,7.630642496536));
#1435 = CARTESIAN_POINT('',(3.6,13.));
#1436 = CARTESIAN_POINT('',(12.9,18.369357503464));
#1437 = CARTESIAN_POINT('',(22.2,23.738715006927));
#1438 = CARTESIAN_POINT('',(22.2,13.));
#1439 = ( GEOMETRIC_REPRESENTATION_CONTEXT(2) 
PARAMETRIC_REPRESENTATION_CONTEXT() REPRESENTATION_CONTEXT('2D SPACE',''
  ) );
#1440 = PCURVE('',#1441,#1446);
#1441 = CYLINDRICAL_SURFACE('',#1442,6.2);
#1442 = AXIS2_PLACEMENT_3D('',#1443,#1444,#1445);
#1443 = CARTESIAN_POINT('',(139.,-90.,706.));
#1444 = DIRECTION('',(-0.,-0.,-1.));
#1445 = DIRECTION('',(1.,0.,0.));
#1446 = DEFINITIONAL_REPRESENTATION('',(#1447),#1451);
#1447 = LINE('',#1448,#1449);
#1448 = CARTESIAN_POINT('',(-6.28318530718,-84.));
#1449 = VECTOR('',#1450,1.);
#1450 = DIRECTION('',(1.,-0.));
#1451 = ( GEOMETRIC_REPRESENTATION_CONTEXT(2) 
PARAMETRIC_REPRESENTATION_CONTEXT() REPRESENTATION_CONTEXT('2D SPACE',''
  ) );
#1452 = ORIENTED_EDGE('',*,*,#1453,.T.);
#1453 = EDGE_CURVE('',#1421,#1454,#1456,.T.);
#1454 = VERTEX_POINT('',#1455);
#1455 = CARTESIAN_POINT('',(145.,-79.,790.));
#1456 = SURFACE_CURVE('',#1457,(#1461,#1468),.PCURVE_S1.);
#1457 = LINE('',#1458,#1459);
#1458 = CARTESIAN_POINT('',(145.,-103.,790.));
#1459 = VECTOR('',#1460,1.);
#1460 = DIRECTION('',(0.,1.,0.));
#1461 = PCURVE('',#1209,#1462);
#1462 = DEFINITIONAL_REPRESENTATION('',(#1463),#1467);
#1463 = LINE('',#1464,#1465);
#1464 = CARTESIAN_POINT('',(22.,0.));
#1465 = VECTOR('',#1466,1.);
#1466 = DIRECTION('',(0.,1.));
#1467 = ( GEOMETRIC_REPRESENTATION_CONTEXT(2) 
PARAMETRIC_REPRESENTATION_CONTEXT() REPRESENTATION_CONTEXT('2D SPACE',''
  ) );
#1468 = PCURVE('',#1408,#1469);
#1469 = DEFINITIONAL_REPRESENTATION('',(#1470),#1474);
#1470 = LINE('',#1471,#1472);
#1471 = CARTESIAN_POINT('',(90.,0.));
#1472 = VECTOR('',#1473,1.);
#1473 = DIRECTION('',(0.,-1.));
#1474 = ( GEOMETRIC_REPRESENTATION_CONTEXT(2) 
PARAMETRIC_REPRESENTATION_CONTEXT() REPRESENTATION_CONTEXT('2D SPACE',''
  ) );
#1475 = ORIENTED_EDGE('',*,*,#1476,.T.);
#1476 = EDGE_CURVE('',#1454,#1477,#1479,.T.);
#1477 = VERTEX_POINT('',#1478);
#1478 = CARTESIAN_POINT('',(143.,-77.,790.));
#1479 = SURFACE_CURVE('',#1480,(#1485,#1492),.PCURVE_S1.);
#1480 = CIRCLE('',#1481,2.);
#1481 = AXIS2_PLACEMENT_3D('',#1482,#1483,#1484);
#1482 = CARTESIAN_POINT('',(143.,-79.,790.));
#1483 = DIRECTION('',(0.,0.,1.));
#1484 = DIRECTION('',(0.,-1.,0.));
#1485 = PCURVE('',#1209,#1486);
#1486 = DEFINITIONAL_REPRESENTATION('',(#1487),#1491);
#1487 = CIRCLE('',#1488,2.);
#1488 = AXIS2_PLACEMENT_2D('',#1489,#1490);
#1489 = CARTESIAN_POINT('',(20.,24.));
#1490 = DIRECTION('',(0.,-1.));
#1491 = ( GEOMETRIC_REPRESENTATION_CONTEXT(2) 
PARAMETRIC_REPRESENTATION_CONTEXT() REPRESENTATION_CONTEXT('2D SPACE',''
  ) );
#1492 = PCURVE('',#1493,#1498);
#1493 = CYLINDRICAL_SURFACE('',#1494,2.);
#1494 = AXIS2_PLACEMENT_3D('',#1495,#1496,#1497);
#1495 = CARTESIAN_POINT('',(143.,-79.,700.));
#1496 = DIRECTION('',(0.,0.,1.));
#1497 = DIRECTION('',(1.,0.,-0.));
#1498 = DEFINITIONAL_REPRESENTATION('',(#1499),#1503);
#1499 = LINE('',#1500,#1501);
#1500 = CARTESIAN_POINT('',(-1.570796326795,90.));
#1501 = VECTOR('',#1502,1.);
#1502 = DIRECTION('',(1.,0.));
#1503 = ( GEOMETRIC_REPRESENTATION_CONTEXT(2) 
PARAMETRIC_REPRESENTATION_CONTEXT() REPRESENTATION_CONTEXT('2D SPACE',''
  ) );
#1504 = ORIENTED_EDGE('',*,*,#1505,.F.);
#1505 = EDGE_CURVE('',#1506,#1477,#1508,.T.);
#1506 = VERTEX_POINT('',#1507);
#1507 = CARTESIAN_POINT('',(125.,-77.,790.));
#1508 = SURFACE_CURVE('',#1509,(#1513,#1520),.PCURVE_S1.);
#1509 = LINE('',#1510,#1511);
#1510 = CARTESIAN_POINT('',(123.,-77.,790.));
#1511 = VECTOR('',#1512,1.);
#1512 = DIRECTION('',(1.,0.,0.));
#1513 = PCURVE('',#1209,#1514);
#1514 = DEFINITIONAL_REPRESENTATION('',(#1515),#1519);
#1515 = LINE('',#1516,#1517);
#1516 = CARTESIAN_POINT('',(0.,26.));
#1517 = VECTOR('',#1518,1.);
#1518 = DIRECTION('',(1.,0.));
#1519 = ( GEOMETRIC_REPRESENTATION_CONTEXT(2) 
PARAMETRIC_REPRESENTATION_CONTEXT() REPRESENTATION_CONTEXT('2D SPACE',''
  ) );
#1520 = PCURVE('',#1521,#1526);
#1521 = PLANE('',#1522);
#1522 = AXIS2_PLACEMENT_3D('',#1523,#1524,#1525);
#1523 = CARTESIAN_POINT('',(123.,-77.,700.));
#1524 = DIRECTION('',(0.,1.,0.));
#1525 = DIRECTION('',(0.,0.,1.));
#1526 = DEFINITIONAL_REPRESENTATION('',(#1527),#1531);
#1527 = LINE('',#1528,#1529);
#1528 = CARTESIAN_POINT('',(90.,0.));
#1529 = VECTOR('',#1530,1.);
#1530 = DIRECTION('',(0.,1.));
#1531 = ( GEOMETRIC_REPRESENTATION_CONTEXT(2) 
PARAMETRIC_REPRESENTATION_CONTEXT() REPRESENTATION_CONTEXT('2D SPACE',''
  ) );
#1532 = ORIENTED_EDGE('',*,*,#1533,.F.);
#1533 = EDGE_CURVE('',#1189,#1506,#1534,.T.);
#1534 = SURFACE_CURVE('',#1535,(#1540,#1551),.PCURVE_S1.);
#1535 = CIRCLE('',#1536,2.);
#1536 = AXIS2_PLACEMENT_3D('',#1537,#1538,#1539);
#1537 = CARTESIAN_POINT('',(125.,-79.,790.));
#1538 = DIRECTION('',(-0.,-0.,-1.));
#1539 = DIRECTION('',(0.,-1.,0.));
#1540 = PCURVE('',#1209,#1541);
#1541 = DEFINITIONAL_REPRESENTATION('',(#1542),#1550);
#1542 = ( BOUNDED_CURVE() B_SPLINE_CURVE(2,(#1543,#1544,#1545,#1546,
#1547,#1548,#1549),.UNSPECIFIED.,.T.,.F.) B_SPLINE_CURVE_WITH_KNOTS((1,2
    ,2,2,2,1),(-2.094395102393,0.,2.094395102393,4.188790204786,
6.28318530718,8.377580409573),.UNSPECIFIED.) CURVE() 
GEOMETRIC_REPRESENTATION_ITEM() RATIONAL_B_SPLINE_CURVE((1.,0.5,1.,0.5,
1.,0.5,1.)) REPRESENTATION_ITEM('') );
#1543 = CARTESIAN_POINT('',(2.,22.));
#1544 = CARTESIAN_POINT('',(-1.464101615138,22.));
#1545 = CARTESIAN_POINT('',(0.267949192431,25.));
#1546 = CARTESIAN_POINT('',(2.,28.));
#1547 = CARTESIAN_POINT('',(3.732050807569,25.));
#1548 = CARTESIAN_POINT('',(5.464101615138,22.));
#1549 = CARTESIAN_POINT('',(2.,22.));
#1550 = ( GEOMETRIC_REPRESENTATION_CONTEXT(2) 
PARAMETRIC_REPRESENTATION_CONTEXT() REPRESENTATION_CONTEXT('2D SPACE',''
  ) );
#1551 = PCURVE('',#1291,#1552);
#1552 = DEFINITIONAL_REPRESENTATION('',(#1553),#1557);
#1553 = LINE('',#1554,#1555);
#1554 = CARTESIAN_POINT('',(1.570796326795,90.));
#1555 = VECTOR('',#1556,1.);
#1556 = DIRECTION('',(-1.,0.));
#1557 = ( GEOMETRIC_REPRESENTATION_CONTEXT(2) 
PARAMETRIC_REPRESENTATION_CONTEXT() REPRESENTATION_CONTEXT('2D SPACE',''
  ) );
#1558 = ADVANCED_FACE('',(#1559),#1237,.T.);
#1559 = FACE_BOUND('',#1560,.T.);
#1560 = EDGE_LOOP('',(#1561,#1585,#1606,#1607));
#1561 = ORIENTED_EDGE('',*,*,#1562,.T.);
#1562 = EDGE_CURVE('',#1222,#1563,#1565,.T.);
#1563 = VERTEX_POINT('',#1564);
#1564 = CARTESIAN_POINT('',(125.,-103.,700.));
#1565 = SURFACE_CURVE('',#1566,(#1571,#1578),.PCURVE_S1.);
#1566 = CIRCLE('',#1567,2.);
#1567 = AXIS2_PLACEMENT_3D('',#1568,#1569,#1570);
#1568 = CARTESIAN_POINT('',(125.,-101.,700.));
#1569 = DIRECTION('',(0.,0.,1.));
#1570 = DIRECTION('',(0.,-1.,0.));
#1571 = PCURVE('',#1237,#1572);
#1572 = DEFINITIONAL_REPRESENTATION('',(#1573),#1577);
#1573 = LINE('',#1574,#1575);
#1574 = CARTESIAN_POINT('',(-4.712388980385,0.));
#1575 = VECTOR('',#1576,1.);
#1576 = DIRECTION('',(1.,0.));
#1577 = ( GEOMETRIC_REPRESENTATION_CONTEXT(2) 
PARAMETRIC_REPRESENTATION_CONTEXT() REPRESENTATION_CONTEXT('2D SPACE',''
  ) );
#1578 = PCURVE('',#1265,#1579);
#1579 = DEFINITIONAL_REPRESENTATION('',(#1580),#1584);
#1580 = CIRCLE('',#1581,2.);
#1581 = AXIS2_PLACEMENT_2D('',#1582,#1583);
#1582 = CARTESIAN_POINT('',(2.,2.));
#1583 = DIRECTION('',(0.,-1.));
#1584 = ( GEOMETRIC_REPRESENTATION_CONTEXT(2) 
PARAMETRIC_REPRESENTATION_CONTEXT() REPRESENTATION_CONTEXT('2D SPACE',''
  ) );
#1585 = ORIENTED_EDGE('',*,*,#1586,.T.);
#1586 = EDGE_CURVE('',#1563,#1308,#1587,.T.);
#1587 = SURFACE_CURVE('',#1588,(#1592,#1599),.PCURVE_S1.);
#1588 = LINE('',#1589,#1590);
#1589 = CARTESIAN_POINT('',(125.,-103.,700.));
#1590 = VECTOR('',#1591,1.);
#1591 = DIRECTION('',(0.,0.,1.));
#1592 = PCURVE('',#1237,#1593);
#1593 = DEFINITIONAL_REPRESENTATION('',(#1594),#1598);
#1594 = LINE('',#1595,#1596);
#1595 = CARTESIAN_POINT('',(1.570796326795,0.));
#1596 = VECTOR('',#1597,1.);
#1597 = DIRECTION('',(0.,1.));
#1598 = ( GEOMETRIC_REPRESENTATION_CONTEXT(2) 
PARAMETRIC_REPRESENTATION_CONTEXT() REPRESENTATION_CONTEXT('2D SPACE',''
  ) );
#1599 = PCURVE('',#1347,#1600);
#1600 = DEFINITIONAL_REPRESENTATION('',(#1601),#1605);
#1601 = LINE('',#1602,#1603);
#1602 = CARTESIAN_POINT('',(0.,2.));
#1603 = VECTOR('',#1604,1.);
#1604 = DIRECTION('',(1.,0.));
#1605 = ( GEOMETRIC_REPRESENTATION_CONTEXT(2) 
PARAMETRIC_REPRESENTATION_CONTEXT() REPRESENTATION_CONTEXT('2D SPACE',''
  ) );
#1606 = ORIENTED_EDGE('',*,*,#1307,.F.);
#1607 = ORIENTED_EDGE('',*,*,#1221,.F.);
#1608 = ADVANCED_FACE('',(#1609),#1291,.T.);
#1609 = FACE_BOUND('',#1610,.F.);
#1610 = EDGE_LOOP('',(#1611,#1639,#1660,#1661));
#1611 = ORIENTED_EDGE('',*,*,#1612,.T.);
#1612 = EDGE_CURVE('',#1250,#1613,#1615,.T.);
#1613 = VERTEX_POINT('',#1614);
#1614 = CARTESIAN_POINT('',(125.,-77.,700.));
#1615 = SURFACE_CURVE('',#1616,(#1621,#1628),.PCURVE_S1.);
#1616 = CIRCLE('',#1617,2.);
#1617 = AXIS2_PLACEMENT_3D('',#1618,#1619,#1620);
#1618 = CARTESIAN_POINT('',(125.,-79.,700.));
#1619 = DIRECTION('',(-0.,-0.,-1.));
#1620 = DIRECTION('',(0.,-1.,0.));
#1621 = PCURVE('',#1291,#1622);
#1622 = DEFINITIONAL_REPRESENTATION('',(#1623),#1627);
#1623 = LINE('',#1624,#1625);
#1624 = CARTESIAN_POINT('',(1.570796326795,-0.));
#1625 = VECTOR('',#1626,1.);
#1626 = DIRECTION('',(-1.,0.));
#1627 = ( GEOMETRIC_REPRESENTATION_CONTEXT(2) 
PARAMETRIC_REPRESENTATION_CONTEXT() REPRESENTATION_CONTEXT('2D SPACE',''
  ) );
#1628 = PCURVE('',#1265,#1629);
#1629 = DEFINITIONAL_REPRESENTATION('',(#1630),#1638);
#1630 = ( BOUNDED_CURVE() B_SPLINE_CURVE(2,(#1631,#1632,#1633,#1634,
#1635,#1636,#1637),.UNSPECIFIED.,.T.,.F.) B_SPLINE_CURVE_WITH_KNOTS((1,2
    ,2,2,2,1),(-2.094395102393,0.,2.094395102393,4.188790204786,
6.28318530718,8.377580409573),.UNSPECIFIED.) CURVE() 
GEOMETRIC_REPRESENTATION_ITEM() RATIONAL_B_SPLINE_CURVE((1.,0.5,1.,0.5,
1.,0.5,1.)) REPRESENTATION_ITEM('') );
#1631 = CARTESIAN_POINT('',(2.,22.));
#1632 = CARTESIAN_POINT('',(-1.464101615138,22.));
#1633 = CARTESIAN_POINT('',(0.267949192431,25.));
#1634 = CARTESIAN_POINT('',(2.,28.));
#1635 = CARTESIAN_POINT('',(3.732050807569,25.));
#1636 = CARTESIAN_POINT('',(5.464101615138,22.));
#1637 = CARTESIAN_POINT('',(2.,22.));
#1638 = ( GEOMETRIC_REPRESENTATION_CONTEXT(2) 
PARAMETRIC_REPRESENTATION_CONTEXT() REPRESENTATION_CONTEXT('2D SPACE',''
  ) );
#1639 = ORIENTED_EDGE('',*,*,#1640,.T.);
#1640 = EDGE_CURVE('',#1613,#1506,#1641,.T.);
#1641 = SURFACE_CURVE('',#1642,(#1646,#1653),.PCURVE_S1.);
#1642 = LINE('',#1643,#1644);
#1643 = CARTESIAN_POINT('',(125.,-77.,700.));
#1644 = VECTOR('',#1645,1.);
#1645 = DIRECTION('',(0.,0.,1.));
#1646 = PCURVE('',#1291,#1647);
#1647 = DEFINITIONAL_REPRESENTATION('',(#1648),#1652);
#1648 = LINE('',#1649,#1650);
#1649 = CARTESIAN_POINT('',(-1.570796326795,0.));
#1650 = VECTOR('',#1651,1.);
#1651 = DIRECTION('',(-0.,1.));
#1652 = ( GEOMETRIC_REPRESENTATION_CONTEXT(2) 
PARAMETRIC_REPRESENTATION_CONTEXT() REPRESENTATION_CONTEXT('2D SPACE',''
  ) );
#1653 = PCURVE('',#1521,#1654);
#1654 = DEFINITIONAL_REPRESENTATION('',(#1655),#1659);
#1655 = LINE('',#1656,#1657);
#1656 = CARTESIAN_POINT('',(0.,2.));
#1657 = VECTOR('',#1658,1.);
#1658 = DIRECTION('',(1.,0.));
#1659 = ( GEOMETRIC_REPRESENTATION_CONTEXT(2) 
PARAMETRIC_REPRESENTATION_CONTEXT() REPRESENTATION_CONTEXT('2D SPACE',''
  ) );
#1660 = ORIENTED_EDGE('',*,*,#1533,.F.);
#1661 = ORIENTED_EDGE('',*,*,#1277,.F.);
#1662 = ADVANCED_FACE('',(#1663),#1265,.F.);
#1663 = FACE_BOUND('',#1664,.F.);
#1664 = EDGE_LOOP('',(#1665,#1666,#1667,#1690,#1718,#1741,#1765,#1786));
#1665 = ORIENTED_EDGE('',*,*,#1249,.F.);
#1666 = ORIENTED_EDGE('',*,*,#1562,.T.);
#1667 = ORIENTED_EDGE('',*,*,#1668,.T.);
#1668 = EDGE_CURVE('',#1563,#1669,#1671,.T.);
#1669 = VERTEX_POINT('',#1670);
#1670 = CARTESIAN_POINT('',(143.,-103.,700.));
#1671 = SURFACE_CURVE('',#1672,(#1676,#1683),.PCURVE_S1.);
#1672 = LINE('',#1673,#1674);
#1673 = CARTESIAN_POINT('',(123.,-103.,700.));
#1674 = VECTOR('',#1675,1.);
#1675 = DIRECTION('',(1.,0.,0.));
#1676 = PCURVE('',#1265,#1677);
#1677 = DEFINITIONAL_REPRESENTATION('',(#1678),#1682);
#1678 = LINE('',#1679,#1680);
#1679 = CARTESIAN_POINT('',(0.,0.));
#1680 = VECTOR('',#1681,1.);
#1681 = DIRECTION('',(1.,0.));
#1682 = ( GEOMETRIC_REPRESENTATION_CONTEXT(2) 
PARAMETRIC_REPRESENTATION_CONTEXT() REPRESENTATION_CONTEXT('2D SPACE',''
  ) );
#1683 = PCURVE('',#1347,#1684);
#1684 = DEFINITIONAL_REPRESENTATION('',(#1685),#1689);
#1685 = LINE('',#1686,#1687);
#1686 = CARTESIAN_POINT('',(0.,0.));
#1687 = VECTOR('',#1688,1.);
#1688 = DIRECTION('',(0.,1.));
#1689 = ( GEOMETRIC_REPRESENTATION_CONTEXT(2) 
PARAMETRIC_REPRESENTATION_CONTEXT() REPRESENTATION_CONTEXT('2D SPACE',''
  ) );
#1690 = ORIENTED_EDGE('',*,*,#1691,.F.);
#1691 = EDGE_CURVE('',#1692,#1669,#1694,.T.);
#1692 = VERTEX_POINT('',#1693);
#1693 = CARTESIAN_POINT('',(145.,-101.,700.));
#1694 = SURFACE_CURVE('',#1695,(#1700,#1711),.PCURVE_S1.);
#1695 = CIRCLE('',#1696,2.);
#1696 = AXIS2_PLACEMENT_3D('',#1697,#1698,#1699);
#1697 = CARTESIAN_POINT('',(143.,-101.,700.));
#1698 = DIRECTION('',(-0.,-0.,-1.));
#1699 = DIRECTION('',(0.,-1.,0.));
#1700 = PCURVE('',#1265,#1701);
#1701 = DEFINITIONAL_REPRESENTATION('',(#1702),#1710);
#1702 = ( BOUNDED_CURVE() B_SPLINE_CURVE(2,(#1703,#1704,#1705,#1706,
#1707,#1708,#1709),.UNSPECIFIED.,.T.,.F.) B_SPLINE_CURVE_WITH_KNOTS((1,2
    ,2,2,2,1),(-2.094395102393,0.,2.094395102393,4.188790204786,
6.28318530718,8.377580409573),.UNSPECIFIED.) CURVE() 
GEOMETRIC_REPRESENTATION_ITEM() RATIONAL_B_SPLINE_CURVE((1.,0.5,1.,0.5,
1.,0.5,1.)) REPRESENTATION_ITEM('') );
#1703 = CARTESIAN_POINT('',(20.,0.));
#1704 = CARTESIAN_POINT('',(16.535898384862,0.));
#1705 = CARTESIAN_POINT('',(18.267949192431,3.));
#1706 = CARTESIAN_POINT('',(20.,6.));
#1707 = CARTESIAN_POINT('',(21.732050807569,3.));
#1708 = CARTESIAN_POINT('',(23.464101615138,3.10862446895E-15));
#1709 = CARTESIAN_POINT('',(20.,0.));
#1710 = ( GEOMETRIC_REPRESENTATION_CONTEXT(2) 
PARAMETRIC_REPRESENTATION_CONTEXT() REPRESENTATION_CONTEXT('2D SPACE',''
  ) );
#1711 = PCURVE('',#1380,#1712);
#1712 = DEFINITIONAL_REPRESENTATION('',(#1713),#1717);
#1713 = LINE('',#1714,#1715);
#1714 = CARTESIAN_POINT('',(4.712388980385,-0.));
#1715 = VECTOR('',#1716,1.);
#1716 = DIRECTION('',(-1.,0.));
#1717 = ( GEOMETRIC_REPRESENTATION_CONTEXT(2) 
PARAMETRIC_REPRESENTATION_CONTEXT() REPRESENTATION_CONTEXT('2D SPACE',''
  ) );
#1718 = ORIENTED_EDGE('',*,*,#1719,.T.);
#1719 = EDGE_CURVE('',#1692,#1720,#1722,.T.);
#1720 = VERTEX_POINT('',#1721);
#1721 = CARTESIAN_POINT('',(145.,-79.,700.));
#1722 = SURFACE_CURVE('',#1723,(#1727,#1734),.PCURVE_S1.);
#1723 = LINE('',#1724,#1725);
#1724 = CARTESIAN_POINT('',(145.,-103.,700.));
#1725 = VECTOR('',#1726,1.);
#1726 = DIRECTION('',(0.,1.,0.));
#1727 = PCURVE('',#1265,#1728);
#1728 = DEFINITIONAL_REPRESENTATION('',(#1729),#1733);
#1729 = LINE('',#1730,#1731);
#1730 = CARTESIAN_POINT('',(22.,0.));
#1731 = VECTOR('',#1732,1.);
#1732 = DIRECTION('',(0.,1.));
#1733 = ( GEOMETRIC_REPRESENTATION_CONTEXT(2) 
PARAMETRIC_REPRESENTATION_CONTEXT() REPRESENTATION_CONTEXT('2D SPACE',''
  ) );
#1734 = PCURVE('',#1408,#1735);
#1735 = DEFINITIONAL_REPRESENTATION('',(#1736),#1740);
#1736 = LINE('',#1737,#1738);
#1737 = CARTESIAN_POINT('',(0.,0.));
#1738 = VECTOR('',#1739,1.);
#1739 = DIRECTION('',(0.,-1.));
#1740 = ( GEOMETRIC_REPRESENTATION_CONTEXT(2) 
PARAMETRIC_REPRESENTATION_CONTEXT() REPRESENTATION_CONTEXT('2D SPACE',''
  ) );
#1741 = ORIENTED_EDGE('',*,*,#1742,.T.);
#1742 = EDGE_CURVE('',#1720,#1743,#1745,.T.);
#1743 = VERTEX_POINT('',#1744);
#1744 = CARTESIAN_POINT('',(143.,-77.,700.));
#1745 = SURFACE_CURVE('',#1746,(#1751,#1758),.PCURVE_S1.);
#1746 = CIRCLE('',#1747,2.);
#1747 = AXIS2_PLACEMENT_3D('',#1748,#1749,#1750);
#1748 = CARTESIAN_POINT('',(143.,-79.,700.));
#1749 = DIRECTION('',(0.,0.,1.));
#1750 = DIRECTION('',(0.,-1.,0.));
#1751 = PCURVE('',#1265,#1752);
#1752 = DEFINITIONAL_REPRESENTATION('',(#1753),#1757);
#1753 = CIRCLE('',#1754,2.);
#1754 = AXIS2_PLACEMENT_2D('',#1755,#1756);
#1755 = CARTESIAN_POINT('',(20.,24.));
#1756 = DIRECTION('',(0.,-1.));
#1757 = ( GEOMETRIC_REPRESENTATION_CONTEXT(2) 
PARAMETRIC_REPRESENTATION_CONTEXT() REPRESENTATION_CONTEXT('2D SPACE',''
  ) );
#1758 = PCURVE('',#1493,#1759);
#1759 = DEFINITIONAL_REPRESENTATION('',(#1760),#1764);
#1760 = LINE('',#1761,#1762);
#1761 = CARTESIAN_POINT('',(-1.570796326795,0.));
#1762 = VECTOR('',#1763,1.);
#1763 = DIRECTION('',(1.,0.));
#1764 = ( GEOMETRIC_REPRESENTATION_CONTEXT(2) 
PARAMETRIC_REPRESENTATION_CONTEXT() REPRESENTATION_CONTEXT('2D SPACE',''
  ) );
#1765 = ORIENTED_EDGE('',*,*,#1766,.F.);
#1766 = EDGE_CURVE('',#1613,#1743,#1767,.T.);
#1767 = SURFACE_CURVE('',#1768,(#1772,#1779),.PCURVE_S1.);
#1768 = LINE('',#1769,#1770);
#1769 = CARTESIAN_POINT('',(123.,-77.,700.));
#1770 = VECTOR('',#1771,1.);
#1771 = DIRECTION('',(1.,0.,0.));
#1772 = PCURVE('',#1265,#1773);
#1773 = DEFINITIONAL_REPRESENTATION('',(#1774),#1778);
#1774 = LINE('',#1775,#1776);
#1775 = CARTESIAN_POINT('',(0.,26.));
#1776 = VECTOR('',#1777,1.);
#1777 = DIRECTION('',(1.,0.));
#1778 = ( GEOMETRIC_REPRESENTATION_CONTEXT(2) 
PARAMETRIC_REPRESENTATION_CONTEXT() REPRESENTATION_CONTEXT('2D SPACE',''
  ) );
#1779 = PCURVE('',#1521,#1780);
#1780 = DEFINITIONAL_REPRESENTATION('',(#1781),#1785);
#1781 = LINE('',#1782,#1783);
#1782 = CARTESIAN_POINT('',(0.,0.));
#1783 = VECTOR('',#1784,1.);
#1784 = DIRECTION('',(0.,1.));
#1785 = ( GEOMETRIC_REPRESENTATION_CONTEXT(2) 
PARAMETRIC_REPRESENTATION_CONTEXT() REPRESENTATION_CONTEXT('2D SPACE',''
  ) );
#1786 = ORIENTED_EDGE('',*,*,#1612,.F.);
#1787 = ADVANCED_FACE('',(#1788),#1521,.T.);
#1788 = FACE_BOUND('',#1789,.T.);
#1789 = EDGE_LOOP('',(#1790,#1791,#1792,#1793));
#1790 = ORIENTED_EDGE('',*,*,#1766,.F.);
#1791 = ORIENTED_EDGE('',*,*,#1640,.T.);
#1792 = ORIENTED_EDGE('',*,*,#1505,.T.);
#1793 = ORIENTED_EDGE('',*,*,#1794,.F.);
#1794 = EDGE_CURVE('',#1743,#1477,#1795,.T.);
#1795 = SURFACE_CURVE('',#1796,(#1800,#1807),.PCURVE_S1.);
#1796 = LINE('',#1797,#1798);
#1797 = CARTESIAN_POINT('',(143.,-77.,700.));
#1798 = VECTOR('',#1799,1.);
#1799 = DIRECTION('',(0.,0.,1.));
#1800 = PCURVE('',#1521,#1801);
#1801 = DEFINITIONAL_REPRESENTATION('',(#1802),#1806);
#1802 = LINE('',#1803,#1804);
#1803 = CARTESIAN_POINT('',(0.,20.));
#1804 = VECTOR('',#1805,1.);
#1805 = DIRECTION('',(1.,0.));
#1806 = ( GEOMETRIC_REPRESENTATION_CONTEXT(2) 
PARAMETRIC_REPRESENTATION_CONTEXT() REPRESENTATION_CONTEXT('2D SPACE',''
  ) );
#1807 = PCURVE('',#1493,#1808);
#1808 = DEFINITIONAL_REPRESENTATION('',(#1809),#1813);
#1809 = LINE('',#1810,#1811);
#1810 = CARTESIAN_POINT('',(1.570796326795,0.));
#1811 = VECTOR('',#1812,1.);
#1812 = DIRECTION('',(0.,1.));
#1813 = ( GEOMETRIC_REPRESENTATION_CONTEXT(2) 
PARAMETRIC_REPRESENTATION_CONTEXT() REPRESENTATION_CONTEXT('2D SPACE',''
  ) );
#1814 = ADVANCED_FACE('',(#1815),#1493,.T.);
#1815 = FACE_BOUND('',#1816,.T.);
#1816 = EDGE_LOOP('',(#1817,#1818,#1819,#1820));
#1817 = ORIENTED_EDGE('',*,*,#1742,.T.);
#1818 = ORIENTED_EDGE('',*,*,#1794,.T.);
#1819 = ORIENTED_EDGE('',*,*,#1476,.F.);
#1820 = ORIENTED_EDGE('',*,*,#1821,.F.);
#1821 = EDGE_CURVE('',#1720,#1454,#1822,.T.);
#1822 = SURFACE_CURVE('',#1823,(#1827,#1834),.PCURVE_S1.);
#1823 = LINE('',#1824,#1825);
#1824 = CARTESIAN_POINT('',(145.,-79.,700.));
#1825 = VECTOR('',#1826,1.);
#1826 = DIRECTION('',(0.,0.,1.));
#1827 = PCURVE('',#1493,#1828);
#1828 = DEFINITIONAL_REPRESENTATION('',(#1829),#1833);
#1829 = LINE('',#1830,#1831);
#1830 = CARTESIAN_POINT('',(0.,0.));
#1831 = VECTOR('',#1832,1.);
#1832 = DIRECTION('',(0.,1.));
#1833 = ( GEOMETRIC_REPRESENTATION_CONTEXT(2) 
PARAMETRIC_REPRESENTATION_CONTEXT() REPRESENTATION_CONTEXT('2D SPACE',''
  ) );
#1834 = PCURVE('',#1408,#1835);
#1835 = DEFINITIONAL_REPRESENTATION('',(#1836),#1840);
#1836 = LINE('',#1837,#1838);
#1837 = CARTESIAN_POINT('',(0.,-24.));
#1838 = VECTOR('',#1839,1.);
#1839 = DIRECTION('',(1.,0.));
#1840 = ( GEOMETRIC_REPRESENTATION_CONTEXT(2) 
PARAMETRIC_REPRESENTATION_CONTEXT() REPRESENTATION_CONTEXT('2D SPACE',''
  ) );
#1841 = ADVANCED_FACE('',(#1842),#1408,.T.);
#1842 = FACE_BOUND('',#1843,.T.);
#1843 = EDGE_LOOP('',(#1844,#1845,#1866,#1867,#1868,#1869,#1890,#1916));
#1844 = ORIENTED_EDGE('',*,*,#1392,.F.);
#1845 = ORIENTED_EDGE('',*,*,#1846,.F.);
#1846 = EDGE_CURVE('',#1692,#1360,#1847,.T.);
#1847 = SURFACE_CURVE('',#1848,(#1852,#1859),.PCURVE_S1.);
#1848 = LINE('',#1849,#1850);
#1849 = CARTESIAN_POINT('',(145.,-101.,700.));
#1850 = VECTOR('',#1851,1.);
#1851 = DIRECTION('',(0.,0.,1.));
#1852 = PCURVE('',#1408,#1853);
#1853 = DEFINITIONAL_REPRESENTATION('',(#1854),#1858);
#1854 = LINE('',#1855,#1856);
#1855 = CARTESIAN_POINT('',(0.,-2.));
#1856 = VECTOR('',#1857,1.);
#1857 = DIRECTION('',(1.,0.));
#1858 = ( GEOMETRIC_REPRESENTATION_CONTEXT(2) 
PARAMETRIC_REPRESENTATION_CONTEXT() REPRESENTATION_CONTEXT('2D SPACE',''
  ) );
#1859 = PCURVE('',#1380,#1860);
#1860 = DEFINITIONAL_REPRESENTATION('',(#1861),#1865);
#1861 = LINE('',#1862,#1863);
#1862 = CARTESIAN_POINT('',(-0.,0.));
#1863 = VECTOR('',#1864,1.);
#1864 = DIRECTION('',(-0.,1.));
#1865 = ( GEOMETRIC_REPRESENTATION_CONTEXT(2) 
PARAMETRIC_REPRESENTATION_CONTEXT() REPRESENTATION_CONTEXT('2D SPACE',''
  ) );
#1866 = ORIENTED_EDGE('',*,*,#1719,.T.);
#1867 = ORIENTED_EDGE('',*,*,#1821,.T.);
#1868 = ORIENTED_EDGE('',*,*,#1453,.F.);
#1869 = ORIENTED_EDGE('',*,*,#1870,.T.);
#1870 = EDGE_CURVE('',#1421,#1871,#1873,.T.);
#1871 = VERTEX_POINT('',#1872);
#1872 = CARTESIAN_POINT('',(145.,-88.43795006481,706.));
#1873 = SURFACE_CURVE('',#1874,(#1878,#1884),.PCURVE_S1.);
#1874 = LINE('',#1875,#1876);
#1875 = CARTESIAN_POINT('',(145.,-88.43795006481,706.));
#1876 = VECTOR('',#1877,1.);
#1877 = DIRECTION('',(-0.,-0.,-1.));
#1878 = PCURVE('',#1408,#1879);
#1879 = DEFINITIONAL_REPRESENTATION('',(#1880),#1883);
#1880 = B_SPLINE_CURVE_WITH_KNOTS('',1,(#1881,#1882),.UNSPECIFIED.,.F.,
  .F.,(2,2),(-85.0000006,6.000000212225E-07),.PIECEWISE_BEZIER_KNOTS.);
#1881 = CARTESIAN_POINT('',(91.0000006,-14.56204993518));
#1882 = CARTESIAN_POINT('',(5.9999994,-14.56204993518));
#1883 = ( GEOMETRIC_REPRESENTATION_CONTEXT(2) 
PARAMETRIC_REPRESENTATION_CONTEXT() REPRESENTATION_CONTEXT('2D SPACE',''
  ) );
#1884 = PCURVE('',#1441,#1885);
#1885 = DEFINITIONAL_REPRESENTATION('',(#1886),#1889);
#1886 = B_SPLINE_CURVE_WITH_KNOTS('',1,(#1887,#1888),.UNSPECIFIED.,.F.,
  .F.,(2,2),(-85.0000006,6.000000212225E-07),.PIECEWISE_BEZIER_KNOTS.);
#1887 = CARTESIAN_POINT('',(-0.254688054269,-85.0000006));
#1888 = CARTESIAN_POINT('',(-0.254688054269,6.000000212225E-07));
#1889 = ( GEOMETRIC_REPRESENTATION_CONTEXT(2) 
PARAMETRIC_REPRESENTATION_CONTEXT() REPRESENTATION_CONTEXT('2D SPACE',''
  ) );
#1890 = ORIENTED_EDGE('',*,*,#1891,.T.);
#1891 = EDGE_CURVE('',#1871,#1892,#1894,.T.);
#1892 = VERTEX_POINT('',#1893);
#1893 = CARTESIAN_POINT('',(145.,-91.56204993518,706.));
#1894 = SURFACE_CURVE('',#1895,(#1899,#1905),.PCURVE_S1.);
#1895 = LINE('',#1896,#1897);
#1896 = CARTESIAN_POINT('',(145.,-96.5,706.));
#1897 = VECTOR('',#1898,1.);
#1898 = DIRECTION('',(0.,-1.,0.));
#1899 = PCURVE('',#1408,#1900);
#1900 = DEFINITIONAL_REPRESENTATION('',(#1901),#1904);
#1901 = B_SPLINE_CURVE_WITH_KNOTS('',1,(#1902,#1903),.UNSPECIFIED.,.F.,
  .F.,(2,2),(-12.7,-0.3),.PIECEWISE_BEZIER_KNOTS.);
#1902 = CARTESIAN_POINT('',(6.,-19.2));
#1903 = CARTESIAN_POINT('',(6.,-6.8));
#1904 = ( GEOMETRIC_REPRESENTATION_CONTEXT(2) 
PARAMETRIC_REPRESENTATION_CONTEXT() REPRESENTATION_CONTEXT('2D SPACE',''
  ) );
#1905 = PCURVE('',#1906,#1911);
#1906 = PLANE('',#1907);
#1907 = AXIS2_PLACEMENT_3D('',#1908,#1909,#1910);
#1908 = CARTESIAN_POINT('',(139.,-90.,706.));
#1909 = DIRECTION('',(0.,0.,1.));
#1910 = DIRECTION('',(1.,0.,-0.));
#1911 = DEFINITIONAL_REPRESENTATION('',(#1912),#1915);
#1912 = B_SPLINE_CURVE_WITH_KNOTS('',1,(#1913,#1914),.UNSPECIFIED.,.F.,
  .F.,(2,2),(-12.7,-0.3),.PIECEWISE_BEZIER_KNOTS.);
#1913 = CARTESIAN_POINT('',(6.,6.2));
#1914 = CARTESIAN_POINT('',(6.,-6.2));
#1915 = ( GEOMETRIC_REPRESENTATION_CONTEXT(2) 
PARAMETRIC_REPRESENTATION_CONTEXT() REPRESENTATION_CONTEXT('2D SPACE',''
  ) );
#1916 = ORIENTED_EDGE('',*,*,#1917,.F.);
#1917 = EDGE_CURVE('',#1393,#1892,#1918,.T.);
#1918 = SURFACE_CURVE('',#1919,(#1923,#1929),.PCURVE_S1.);
#1919 = LINE('',#1920,#1921);
#1920 = CARTESIAN_POINT('',(145.,-91.56204993518,706.));
#1921 = VECTOR('',#1922,1.);
#1922 = DIRECTION('',(-0.,-0.,-1.));
#1923 = PCURVE('',#1408,#1924);
#1924 = DEFINITIONAL_REPRESENTATION('',(#1925),#1928);
#1925 = B_SPLINE_CURVE_WITH_KNOTS('',1,(#1926,#1927),.UNSPECIFIED.,.F.,
  .F.,(2,2),(-85.0000006,6.000000212225E-07),.PIECEWISE_BEZIER_KNOTS.);
#1926 = CARTESIAN_POINT('',(91.0000006,-11.43795006481));
#1927 = CARTESIAN_POINT('',(5.9999994,-11.43795006481));
#1928 = ( GEOMETRIC_REPRESENTATION_CONTEXT(2) 
PARAMETRIC_REPRESENTATION_CONTEXT() REPRESENTATION_CONTEXT('2D SPACE',''
  ) );
#1929 = PCURVE('',#1441,#1930);
#1930 = DEFINITIONAL_REPRESENTATION('',(#1931),#1934);
#1931 = B_SPLINE_CURVE_WITH_KNOTS('',1,(#1932,#1933),.UNSPECIFIED.,.F.,
  .F.,(2,2),(-85.0000006,6.000000212225E-07),.PIECEWISE_BEZIER_KNOTS.);
#1932 = CARTESIAN_POINT('',(-6.02849725291,-85.0000006));
#1933 = CARTESIAN_POINT('',(-6.02849725291,6.000000212225E-07));
#1934 = ( GEOMETRIC_REPRESENTATION_CONTEXT(2) 
PARAMETRIC_REPRESENTATION_CONTEXT() REPRESENTATION_CONTEXT('2D SPACE',''
  ) );
#1935 = ADVANCED_FACE('',(#1936),#1441,.F.);
#1936 = FACE_BOUND('',#1937,.T.);
#1937 = EDGE_LOOP('',(#1938,#1960,#1961,#1962));
#1938 = ORIENTED_EDGE('',*,*,#1939,.F.);
#1939 = EDGE_CURVE('',#1871,#1892,#1940,.T.);
#1940 = SURFACE_CURVE('',#1941,(#1946,#1953),.PCURVE_S1.);
#1941 = CIRCLE('',#1942,6.2);
#1942 = AXIS2_PLACEMENT_3D('',#1943,#1944,#1945);
#1943 = CARTESIAN_POINT('',(139.,-90.,706.));
#1944 = DIRECTION('',(0.,0.,1.));
#1945 = DIRECTION('',(1.,0.,0.));
#1946 = PCURVE('',#1441,#1947);
#1947 = DEFINITIONAL_REPRESENTATION('',(#1948),#1952);
#1948 = LINE('',#1949,#1950);
#1949 = CARTESIAN_POINT('',(-0.,0.));
#1950 = VECTOR('',#1951,1.);
#1951 = DIRECTION('',(-1.,0.));
#1952 = ( GEOMETRIC_REPRESENTATION_CONTEXT(2) 
PARAMETRIC_REPRESENTATION_CONTEXT() REPRESENTATION_CONTEXT('2D SPACE',''
  ) );
#1953 = PCURVE('',#1906,#1954);
#1954 = DEFINITIONAL_REPRESENTATION('',(#1955),#1959);
#1955 = CIRCLE('',#1956,6.2);
#1956 = AXIS2_PLACEMENT_2D('',#1957,#1958);
#1957 = CARTESIAN_POINT('',(0.,0.));
#1958 = DIRECTION('',(1.,0.));
#1959 = ( GEOMETRIC_REPRESENTATION_CONTEXT(2) 
PARAMETRIC_REPRESENTATION_CONTEXT() REPRESENTATION_CONTEXT('2D SPACE',''
  ) );
#1960 = ORIENTED_EDGE('',*,*,#1870,.F.);
#1961 = ORIENTED_EDGE('',*,*,#1420,.F.);
#1962 = ORIENTED_EDGE('',*,*,#1917,.T.);
#1963 = ADVANCED_FACE('',(#1964),#1380,.T.);
#1964 = FACE_BOUND('',#1965,.F.);
#1965 = EDGE_LOOP('',(#1966,#1967,#1988,#1989));
#1966 = ORIENTED_EDGE('',*,*,#1691,.T.);
#1967 = ORIENTED_EDGE('',*,*,#1968,.T.);
#1968 = EDGE_CURVE('',#1669,#1332,#1969,.T.);
#1969 = SURFACE_CURVE('',#1970,(#1974,#1981),.PCURVE_S1.);
#1970 = LINE('',#1971,#1972);
#1971 = CARTESIAN_POINT('',(143.,-103.,700.));
#1972 = VECTOR('',#1973,1.);
#1973 = DIRECTION('',(0.,0.,1.));
#1974 = PCURVE('',#1380,#1975);
#1975 = DEFINITIONAL_REPRESENTATION('',(#1976),#1980);
#1976 = LINE('',#1977,#1978);
#1977 = CARTESIAN_POINT('',(-1.570796326795,0.));
#1978 = VECTOR('',#1979,1.);
#1979 = DIRECTION('',(-0.,1.));
#1980 = ( GEOMETRIC_REPRESENTATION_CONTEXT(2) 
PARAMETRIC_REPRESENTATION_CONTEXT() REPRESENTATION_CONTEXT('2D SPACE',''
  ) );
#1981 = PCURVE('',#1347,#1982);
#1982 = DEFINITIONAL_REPRESENTATION('',(#1983),#1987);
#1983 = LINE('',#1984,#1985);
#1984 = CARTESIAN_POINT('',(0.,20.));
#1985 = VECTOR('',#1986,1.);
#1986 = DIRECTION('',(1.,0.));
#1987 = ( GEOMETRIC_REPRESENTATION_CONTEXT(2) 
PARAMETRIC_REPRESENTATION_CONTEXT() REPRESENTATION_CONTEXT('2D SPACE',''
  ) );
#1988 = ORIENTED_EDGE('',*,*,#1359,.F.);
#1989 = ORIENTED_EDGE('',*,*,#1846,.F.);
#1990 = ADVANCED_FACE('',(#1991),#1347,.F.);
#1991 = FACE_BOUND('',#1992,.F.);
#1992 = EDGE_LOOP('',(#1993,#1994,#1995,#1996));
#1993 = ORIENTED_EDGE('',*,*,#1668,.F.);
#1994 = ORIENTED_EDGE('',*,*,#1586,.T.);
#1995 = ORIENTED_EDGE('',*,*,#1331,.T.);
#1996 = ORIENTED_EDGE('',*,*,#1968,.F.);
#1997 = ADVANCED_FACE('',(#1998),#1906,.T.);
#1998 = FACE_BOUND('',#1999,.T.);
#1999 = EDGE_LOOP('',(#2000,#2001));
#2000 = ORIENTED_EDGE('',*,*,#1891,.F.);
#2001 = ORIENTED_EDGE('',*,*,#1939,.T.);
#2002 = ( GEOMETRIC_REPRESENTATION_CONTEXT(3) 
GLOBAL_UNCERTAINTY_ASSIGNED_CONTEXT((#2006)) 
GLOBAL_UNIT_ASSIGNED_CONTEXT((#2003,#2004,#2005)) REPRESENTATION_CONTEXT
('Context #1','3D Context with UNIT and UNCERTAINTY') );
#2003 = ( LENGTH_UNIT() NAMED_UNIT(*) SI_UNIT(.MILLI.,.METRE.) );
#2004 = ( NAMED_UNIT(*) PLANE_ANGLE_UNIT() SI_UNIT($,.RADIAN.) );
#2005 = ( NAMED_UNIT(*) SI_UNIT($,.STERADIAN.) SOLID_ANGLE_UNIT() );
#2006 = UNCERTAINTY_MEASURE_WITH_UNIT(LENGTH_MEASURE(1.E-07),#2003,
  'distance_accuracy_value','confusion accuracy');
#2007 = CONTEXT_DEPENDENT_SHAPE_REPRESENTATION(#2008,#2010);
#2008 = ( REPRESENTATION_RELATIONSHIP('','',#1179,#10) 
REPRESENTATION_RELATIONSHIP_WITH_TRANSFORMATION(#2009) 
SHAPE_REPRESENTATION_RELATIONSHIP() );
#2009 = ITEM_DEFINED_TRANSFORMATION('','',#11,#19);
#2010 = PRODUCT_DEFINITION_SHAPE('Placement','Placement of an item',
  #2011);
#2011 = NEXT_ASSEMBLY_USAGE_OCCURRENCE('2','socket_left','',#5,#1174,$);
#2012 = PRODUCT_RELATED_PRODUCT_CATEGORY('part',$,(#1176));
#2013 = SHAPE_DEFINITION_REPRESENTATION(#2014,#2020);
#2014 = PRODUCT_DEFINITION_SHAPE('','',#2015);
#2015 = PRODUCT_DEFINITION('design','',#2016,#2019);
#2016 = PRODUCT_DEFINITION_FORMATION('','',#2017);
#2017 = PRODUCT('socket_right','socket_right','',(#2018));
#2018 = PRODUCT_CONTEXT('',#2,'mechanical');
#2019 = PRODUCT_DEFINITION_CONTEXT('part definition',#2,'design');
#2020 = ADVANCED_BREP_SHAPE_REPRESENTATION('',(#11,#2021),#2843);
#2021 = MANIFOLD_SOLID_BREP('',#2022);
#2022 = CLOSED_SHELL('',(#2023,#2143,#2399,#2449,#2503,#2628,#2655,#2682
    ,#2776,#2804,#2831,#2838));
#2023 = ADVANCED_FACE('',(#2024),#2038,.F.);
#2024 = FACE_BOUND('',#2025,.F.);
#2025 = EDGE_LOOP('',(#2026,#2061,#2089,#2117));
#2026 = ORIENTED_EDGE('',*,*,#2027,.F.);
#2027 = EDGE_CURVE('',#2028,#2030,#2032,.T.);
#2028 = VERTEX_POINT('',#2029);
#2029 = CARTESIAN_POINT('',(123.,79.,790.));
#2030 = VERTEX_POINT('',#2031);
#2031 = CARTESIAN_POINT('',(123.,101.,790.));
#2032 = SURFACE_CURVE('',#2033,(#2037,#2049),.PCURVE_S1.);
#2033 = LINE('',#2034,#2035);
#2034 = CARTESIAN_POINT('',(123.,77.,790.));
#2035 = VECTOR('',#2036,1.);
#2036 = DIRECTION('',(0.,1.,0.));
#2037 = PCURVE('',#2038,#2043);
#2038 = PLANE('',#2039);
#2039 = AXIS2_PLACEMENT_3D('',#2040,#2041,#2042);
#2040 = CARTESIAN_POINT('',(123.,77.,700.));
#2041 = DIRECTION('',(1.,0.,0.));
#2042 = DIRECTION('',(0.,0.,1.));
#2043 = DEFINITIONAL_REPRESENTATION('',(#2044),#2048);
#2044 = LINE('',#2045,#2046);
#2045 = CARTESIAN_POINT('',(90.,0.));
#2046 = VECTOR('',#2047,1.);
#2047 = DIRECTION('',(0.,-1.));
#2048 = ( GEOMETRIC_REPRESENTATION_CONTEXT(2) 
PARAMETRIC_REPRESENTATION_CONTEXT() REPRESENTATION_CONTEXT('2D SPACE',''
  ) );
#2049 = PCURVE('',#2050,#2055);
#2050 = PLANE('',#2051);
#2051 = AXIS2_PLACEMENT_3D('',#2052,#2053,#2054);
#2052 = CARTESIAN_POINT('',(123.,77.,790.));
#2053 = DIRECTION('',(0.,0.,1.));
#2054 = DIRECTION('',(1.,0.,0.));
#2055 = DEFINITIONAL_REPRESENTATION('',(#2056),#2060);
#2056 = LINE('',#2057,#2058);
#2057 = CARTESIAN_POINT('',(0.,0.));
#2058 = VECTOR('',#2059,1.);
#2059 = DIRECTION('',(0.,1.));
#2060 = ( GEOMETRIC_REPRESENTATION_CONTEXT(2) 
PARAMETRIC_REPRESENTATION_CONTEXT() REPRESENTATION_CONTEXT('2D SPACE',''
  ) );
#2061 = ORIENTED_EDGE('',*,*,#2062,.F.);
#2062 = EDGE_CURVE('',#2063,#2028,#2065,.T.);
#2063 = VERTEX_POINT('',#2064);
#2064 = CARTESIAN_POINT('',(123.,79.,700.));
#2065 = SURFACE_CURVE('',#2066,(#2070,#2077),.PCURVE_S1.);
#2066 = LINE('',#2067,#2068);
#2067 = CARTESIAN_POINT('',(123.,79.,700.));
#2068 = VECTOR('',#2069,1.);
#2069 = DIRECTION('',(0.,0.,1.));
#2070 = PCURVE('',#2038,#2071);
#2071 = DEFINITIONAL_REPRESENTATION('',(#2072),#2076);
#2072 = LINE('',#2073,#2074);
#2073 = CARTESIAN_POINT('',(0.,-2.));
#2074 = VECTOR('',#2075,1.);
#2075 = DIRECTION('',(1.,0.));
#2076 = ( GEOMETRIC_REPRESENTATION_CONTEXT(2) 
PARAMETRIC_REPRESENTATION_CONTEXT() REPRESENTATION_CONTEXT('2D SPACE',''
  ) );
#2077 = PCURVE('',#2078,#2083);
#2078 = CYLINDRICAL_SURFACE('',#2079,2.);
#2079 = AXIS2_PLACEMENT_3D('',#2080,#2081,#2082);
#2080 = CARTESIAN_POINT('',(125.,79.,700.));
#2081 = DIRECTION('',(0.,0.,1.));
#2082 = DIRECTION('',(-1.,-0.,0.));
#2083 = DEFINITIONAL_REPRESENTATION('',(#2084),#2088);
#2084 = LINE('',#2085,#2086);
#2085 = CARTESIAN_POINT('',(0.,0.));
#2086 = VECTOR('',#2087,1.);
#2087 = DIRECTION('',(0.,1.));
#2088 = ( GEOMETRIC_REPRESENTATION_CONTEXT(2) 
PARAMETRIC_REPRESENTATION_CONTEXT() REPRESENTATION_CONTEXT('2D SPACE',''
  ) );
#2089 = ORIENTED_EDGE('',*,*,#2090,.T.);
#2090 = EDGE_CURVE('',#2063,#2091,#2093,.T.);
#2091 = VERTEX_POINT('',#2092);
#2092 = CARTESIAN_POINT('',(123.,101.,700.));
#2093 = SURFACE_CURVE('',#2094,(#2098,#2105),.PCURVE_S1.);
#2094 = LINE('',#2095,#2096);
#2095 = CARTESIAN_POINT('',(123.,77.,700.));
#2096 = VECTOR('',#2097,1.);
#2097 = DIRECTION('',(0.,1.,0.));
#2098 = PCURVE('',#2038,#2099);
#2099 = DEFINITIONAL_REPRESENTATION('',(#2100),#2104);
#2100 = LINE('',#2101,#2102);
#2101 = CARTESIAN_POINT('',(0.,0.));
#2102 = VECTOR('',#2103,1.);
#2103 = DIRECTION('',(0.,-1.));
#2104 = ( GEOMETRIC_REPRESENTATION_CONTEXT(2) 
PARAMETRIC_REPRESENTATION_CONTEXT() REPRESENTATION_CONTEXT('2D SPACE',''
  ) );
#2105 = PCURVE('',#2106,#2111);
#2106 = PLANE('',#2107);
#2107 = AXIS2_PLACEMENT_3D('',#2108,#2109,#2110);
#2108 = CARTESIAN_POINT('',(123.,77.,700.));
#2109 = DIRECTION('',(0.,0.,1.));
#2110 = DIRECTION('',(1.,0.,0.));
#2111 = DEFINITIONAL_REPRESENTATION('',(#2112),#2116);
#2112 = LINE('',#2113,#2114);
#2113 = CARTESIAN_POINT('',(0.,0.));
#2114 = VECTOR('',#2115,1.);
#2115 = DIRECTION('',(0.,1.));
#2116 = ( GEOMETRIC_REPRESENTATION_CONTEXT(2) 
PARAMETRIC_REPRESENTATION_CONTEXT() REPRESENTATION_CONTEXT('2D SPACE',''
  ) );
#2117 = ORIENTED_EDGE('',*,*,#2118,.T.);
#2118 = EDGE_CURVE('',#2091,#2030,#2119,.T.);
#2119 = SURFACE_CURVE('',#2120,(#2124,#2131),.PCURVE_S1.);
#2120 = LINE('',#2121,#2122);
#2121 = CARTESIAN_POINT('',(123.,101.,700.));
#2122 = VECTOR('',#2123,1.);
#2123 = DIRECTION('',(0.,0.,1.));
#2124 = PCURVE('',#2038,#2125);
#2125 = DEFINITIONAL_REPRESENTATION('',(#2126),#2130);
#2126 = LINE('',#2127,#2128);
#2127 = CARTESIAN_POINT('',(0.,-24.));
#2128 = VECTOR('',#2129,1.);
#2129 = DIRECTION('',(1.,0.));
#2130 = ( GEOMETRIC_REPRESENTATION_CONTEXT(2) 
PARAMETRIC_REPRESENTATION_CONTEXT() REPRESENTATION_CONTEXT('2D SPACE',''
  ) );
#2131 = PCURVE('',#2132,#2137);
#2132 = CYLINDRICAL_SURFACE('',#2133,2.);
#2133 = AXIS2_PLACEMENT_3D('',#2134,#2135,#2136);
#2134 = CARTESIAN_POINT('',(125.,101.,700.));
#2135 = DIRECTION('',(0.,0.,1.));
#2136 = DIRECTION('',(-1.,-0.,0.));
#2137 = DEFINITIONAL_REPRESENTATION('',(#2138),#2142);
#2138 = LINE('',#2139,#2140);
#2139 = CARTESIAN_POINT('',(-0.,0.));
#2140 = VECTOR('',#2141,1.);
#2141 = DIRECTION('',(-0.,1.));
#2142 = ( GEOMETRIC_REPRESENTATION_CONTEXT(2) 
PARAMETRIC_REPRESENTATION_CONTEXT() REPRESENTATION_CONTEXT('2D SPACE',''
  ) );
#2143 = ADVANCED_FACE('',(#2144),#2050,.T.);
#2144 = FACE_BOUND('',#2145,.T.);
#2145 = EDGE_LOOP('',(#2146,#2147,#2171,#2199,#2232,#2260,#2293,#2316,
    #2345,#2373));
#2146 = ORIENTED_EDGE('',*,*,#2027,.F.);
#2147 = ORIENTED_EDGE('',*,*,#2148,.T.);
#2148 = EDGE_CURVE('',#2028,#2149,#2151,.T.);
#2149 = VERTEX_POINT('',#2150);
#2150 = CARTESIAN_POINT('',(125.,77.,790.));
#2151 = SURFACE_CURVE('',#2152,(#2157,#2164),.PCURVE_S1.);
#2152 = CIRCLE('',#2153,2.);
#2153 = AXIS2_PLACEMENT_3D('',#2154,#2155,#2156);
#2154 = CARTESIAN_POINT('',(125.,79.,790.));
#2155 = DIRECTION('',(0.,0.,1.));
#2156 = DIRECTION('',(0.,-1.,0.));
#2157 = PCURVE('',#2050,#2158);
#2158 = DEFINITIONAL_REPRESENTATION('',(#2159),#2163);
#2159 = CIRCLE('',#2160,2.);
#2160 = AXIS2_PLACEMENT_2D('',#2161,#2162);
#2161 = CARTESIAN_POINT('',(2.,2.));
#2162 = DIRECTION('',(0.,-1.));
#2163 = ( GEOMETRIC_REPRESENTATION_CONTEXT(2) 
PARAMETRIC_REPRESENTATION_CONTEXT() REPRESENTATION_CONTEXT('2D SPACE',''
  ) );
#2164 = PCURVE('',#2078,#2165);
#2165 = DEFINITIONAL_REPRESENTATION('',(#2166),#2170);
#2166 = LINE('',#2167,#2168);
#2167 = CARTESIAN_POINT('',(-4.712388980385,90.));
#2168 = VECTOR('',#2169,1.);
#2169 = DIRECTION('',(1.,0.));
#2170 = ( GEOMETRIC_REPRESENTATION_CONTEXT(2) 
PARAMETRIC_REPRESENTATION_CONTEXT() REPRESENTATION_CONTEXT('2D SPACE',''
  ) );
#2171 = ORIENTED_EDGE('',*,*,#2172,.T.);
#2172 = EDGE_CURVE('',#2149,#2173,#2175,.T.);
#2173 = VERTEX_POINT('',#2174);
#2174 = CARTESIAN_POINT('',(143.,77.,790.));
#2175 = SURFACE_CURVE('',#2176,(#2180,#2187),.PCURVE_S1.);
#2176 = LINE('',#2177,#2178);
#2177 = CARTESIAN_POINT('',(123.,77.,790.));
#2178 = VECTOR('',#2179,1.);
#2179 = DIRECTION('',(1.,0.,0.));
#2180 = PCURVE('',#2050,#2181);
#2181 = DEFINITIONAL_REPRESENTATION('',(#2182),#2186);
#2182 = LINE('',#2183,#2184);
#2183 = CARTESIAN_POINT('',(0.,0.));
#2184 = VECTOR('',#2185,1.);
#2185 = DIRECTION('',(1.,0.));
#2186 = ( GEOMETRIC_REPRESENTATION_CONTEXT(2) 
PARAMETRIC_REPRESENTATION_CONTEXT() REPRESENTATION_CONTEXT('2D SPACE',''
  ) );
#2187 = PCURVE('',#2188,#2193);
#2188 = PLANE('',#2189);
#2189 = AXIS2_PLACEMENT_3D('',#2190,#2191,#2192);
#2190 = CARTESIAN_POINT('',(123.,77.,700.));
#2191 = DIRECTION('',(0.,1.,0.));
#2192 = DIRECTION('',(0.,0.,1.));
#2193 = DEFINITIONAL_REPRESENTATION('',(#2194),#2198);
#2194 = LINE('',#2195,#2196);
#2195 = CARTESIAN_POINT('',(90.,0.));
#2196 = VECTOR('',#2197,1.);
#2197 = DIRECTION('',(0.,1.));
#2198 = ( GEOMETRIC_REPRESENTATION_CONTEXT(2) 
PARAMETRIC_REPRESENTATION_CONTEXT() REPRESENTATION_CONTEXT('2D SPACE',''
  ) );
#2199 = ORIENTED_EDGE('',*,*,#2200,.F.);
#2200 = EDGE_CURVE('',#2201,#2173,#2203,.T.);
#2201 = VERTEX_POINT('',#2202);
#2202 = CARTESIAN_POINT('',(145.,79.,790.));
#2203 = SURFACE_CURVE('',#2204,(#2209,#2220),.PCURVE_S1.);
#2204 = CIRCLE('',#2205,2.);
#2205 = AXIS2_PLACEMENT_3D('',#2206,#2207,#2208);
#2206 = CARTESIAN_POINT('',(143.,79.,790.));
#2207 = DIRECTION('',(-0.,-0.,-1.));
#2208 = DIRECTION('',(0.,-1.,0.));
#2209 = PCURVE('',#2050,#2210);
#2210 = DEFINITIONAL_REPRESENTATION('',(#2211),#2219);
#2211 = ( BOUNDED_CURVE() B_SPLINE_CURVE(2,(#2212,#2213,#2214,#2215,
#2216,#2217,#2218),.UNSPECIFIED.,.T.,.F.) B_SPLINE_CURVE_WITH_KNOTS((1,2
    ,2,2,2,1),(-2.094395102393,0.,2.094395102393,4.188790204786,
6.28318530718,8.377580409573),.UNSPECIFIED.) CURVE() 
GEOMETRIC_REPRESENTATION_ITEM() RATIONAL_B_SPLINE_CURVE((1.,0.5,1.,0.5,
1.,0.5,1.)) REPRESENTATION_ITEM('') );
#2212 = CARTESIAN_POINT('',(20.,0.));
#2213 = CARTESIAN_POINT('',(16.535898384862,0.));
#2214 = CARTESIAN_POINT('',(18.267949192431,3.));
#2215 = CARTESIAN_POINT('',(20.,6.));
#2216 = CARTESIAN_POINT('',(21.732050807569,3.));
#2217 = CARTESIAN_POINT('',(23.464101615138,3.10862446895E-15));
#2218 = CARTESIAN_POINT('',(20.,0.));
#2219 = ( GEOMETRIC_REPRESENTATION_CONTEXT(2) 
PARAMETRIC_REPRESENTATION_CONTEXT() REPRESENTATION_CONTEXT('2D SPACE',''
  ) );
#2220 = PCURVE('',#2221,#2226);
#2221 = CYLINDRICAL_SURFACE('',#2222,2.);
#2222 = AXIS2_PLACEMENT_3D('',#2223,#2224,#2225);
#2223 = CARTESIAN_POINT('',(143.,79.,700.));
#2224 = DIRECTION('',(0.,0.,1.));
#2225 = DIRECTION('',(1.,0.,-0.));
#2226 = DEFINITIONAL_REPRESENTATION('',(#2227),#2231);
#2227 = LINE('',#2228,#2229);
#2228 = CARTESIAN_POINT('',(4.712388980385,90.));
#2229 = VECTOR('',#2230,1.);
#2230 = DIRECTION('',(-1.,0.));
#2231 = ( GEOMETRIC_REPRESENTATION_CONTEXT(2) 
PARAMETRIC_REPRESENTATION_CONTEXT() REPRESENTATION_CONTEXT('2D SPACE',''
  ) );
#2232 = ORIENTED_EDGE('',*,*,#2233,.T.);
#2233 = EDGE_CURVE('',#2201,#2234,#2236,.T.);
#2234 = VERTEX_POINT('',#2235);
#2235 = CARTESIAN_POINT('',(145.,88.437950064818,790.));
#2236 = SURFACE_CURVE('',#2237,(#2241,#2248),.PCURVE_S1.);
#2237 = LINE('',#2238,#2239);
#2238 = CARTESIAN_POINT('',(145.,77.,790.));
#2239 = VECTOR('',#2240,1.);
#2240 = DIRECTION('',(0.,1.,0.));
#2241 = PCURVE('',#2050,#2242);
#2242 = DEFINITIONAL_REPRESENTATION('',(#2243),#2247);
#2243 = LINE('',#2244,#2245);
#2244 = CARTESIAN_POINT('',(22.,0.));
#2245 = VECTOR('',#2246,1.);
#2246 = DIRECTION('',(0.,1.));
#2247 = ( GEOMETRIC_REPRESENTATION_CONTEXT(2) 
PARAMETRIC_REPRESENTATION_CONTEXT() REPRESENTATION_CONTEXT('2D SPACE',''
  ) );
#2248 = PCURVE('',#2249,#2254);
#2249 = PLANE('',#2250);
#2250 = AXIS2_PLACEMENT_3D('',#2251,#2252,#2253);
#2251 = CARTESIAN_POINT('',(145.,77.,700.));
#2252 = DIRECTION('',(1.,0.,0.));
#2253 = DIRECTION('',(0.,0.,1.));
#2254 = DEFINITIONAL_REPRESENTATION('',(#2255),#2259);
#2255 = LINE('',#2256,#2257);
#2256 = CARTESIAN_POINT('',(90.,0.));
#2257 = VECTOR('',#2258,1.);
#2258 = DIRECTION('',(0.,-1.));
#2259 = ( GEOMETRIC_REPRESENTATION_CONTEXT(2) 
PARAMETRIC_REPRESENTATION_CONTEXT() REPRESENTATION_CONTEXT('2D SPACE',''
  ) );
#2260 = ORIENTED_EDGE('',*,*,#2261,.T.);
#2261 = EDGE_CURVE('',#2234,#2262,#2264,.T.);
#2262 = VERTEX_POINT('',#2263);
#2263 = CARTESIAN_POINT('',(145.,91.562049935182,790.));
#2264 = SURFACE_CURVE('',#2265,(#2270,#2281),.PCURVE_S1.);
#2265 = CIRCLE('',#2266,6.2);
#2266 = AXIS2_PLACEMENT_3D('',#2267,#2268,#2269);
#2267 = CARTESIAN_POINT('',(139.,90.,790.));
#2268 = DIRECTION('',(0.,0.,-1.));
#2269 = DIRECTION('',(1.,0.,0.));
#2270 = PCURVE('',#2050,#2271);
#2271 = DEFINITIONAL_REPRESENTATION('',(#2272),#2280);
#2272 = ( BOUNDED_CURVE() B_SPLINE_CURVE(2,(#2273,#2274,#2275,#2276,
#2277,#2278,#2279),.UNSPECIFIED.,.T.,.F.) B_SPLINE_CURVE_WITH_KNOTS((1,2
    ,2,2,2,1),(-2.094395102393,0.,2.094395102393,4.188790204786,
6.28318530718,8.377580409573),.UNSPECIFIED.) CURVE() 
GEOMETRIC_REPRESENTATION_ITEM() RATIONAL_B_SPLINE_CURVE((1.,0.5,1.,0.5,
1.,0.5,1.)) REPRESENTATION_ITEM('') );
#2273 = CARTESIAN_POINT('',(22.2,13.));
#2274 = CARTESIAN_POINT('',(22.2,2.261284993073));
#2275 = CARTESIAN_POINT('',(12.9,7.630642496536));
#2276 = CARTESIAN_POINT('',(3.6,13.));
#2277 = CARTESIAN_POINT('',(12.9,18.369357503464));
#2278 = CARTESIAN_POINT('',(22.2,23.738715006927));
#2279 = CARTESIAN_POINT('',(22.2,13.));
#2280 = ( GEOMETRIC_REPRESENTATION_CONTEXT(2) 
PARAMETRIC_REPRESENTATION_CONTEXT() REPRESENTATION_CONTEXT('2D SPACE',''
  ) );
#2281 = PCURVE('',#2282,#2287);
#2282 = CYLINDRICAL_SURFACE('',#2283,6.2);
#2283 = AXIS2_PLACEMENT_3D('',#2284,#2285,#2286);
#2284 = CARTESIAN_POINT('',(139.,90.,706.));
#2285 = DIRECTION('',(-0.,-0.,-1.));
#2286 = DIRECTION('',(1.,0.,0.));
#2287 = DEFINITIONAL_REPRESENTATION('',(#2288),#2292);
#2288 = LINE('',#2289,#2290);
#2289 = CARTESIAN_POINT('',(-6.28318530718,-84.));
#2290 = VECTOR('',#2291,1.);
#2291 = DIRECTION('',(1.,-0.));
#2292 = ( GEOMETRIC_REPRESENTATION_CONTEXT(2) 
PARAMETRIC_REPRESENTATION_CONTEXT() REPRESENTATION_CONTEXT('2D SPACE',''
  ) );
#2293 = ORIENTED_EDGE('',*,*,#2294,.T.);
#2294 = EDGE_CURVE('',#2262,#2295,#2297,.T.);
#2295 = VERTEX_POINT('',#2296);
#2296 = CARTESIAN_POINT('',(145.,101.,790.));
#2297 = SURFACE_CURVE('',#2298,(#2302,#2309),.PCURVE_S1.);
#2298 = LINE('',#2299,#2300);
#2299 = CARTESIAN_POINT('',(145.,77.,790.));
#2300 = VECTOR('',#2301,1.);
#2301 = DIRECTION('',(0.,1.,0.));
#2302 = PCURVE('',#2050,#2303);
#2303 = DEFINITIONAL_REPRESENTATION('',(#2304),#2308);
#2304 = LINE('',#2305,#2306);
#2305 = CARTESIAN_POINT('',(22.,0.));
#2306 = VECTOR('',#2307,1.);
#2307 = DIRECTION('',(0.,1.));
#2308 = ( GEOMETRIC_REPRESENTATION_CONTEXT(2) 
PARAMETRIC_REPRESENTATION_CONTEXT() REPRESENTATION_CONTEXT('2D SPACE',''
  ) );
#2309 = PCURVE('',#2249,#2310);
#2310 = DEFINITIONAL_REPRESENTATION('',(#2311),#2315);
#2311 = LINE('',#2312,#2313);
#2312 = CARTESIAN_POINT('',(90.,0.));
#2313 = VECTOR('',#2314,1.);
#2314 = DIRECTION('',(0.,-1.));
#2315 = ( GEOMETRIC_REPRESENTATION_CONTEXT(2) 
PARAMETRIC_REPRESENTATION_CONTEXT() REPRESENTATION_CONTEXT('2D SPACE',''
  ) );
#2316 = ORIENTED_EDGE('',*,*,#2317,.T.);
#2317 = EDGE_CURVE('',#2295,#2318,#2320,.T.);
#2318 = VERTEX_POINT('',#2319);
#2319 = CARTESIAN_POINT('',(143.,103.,790.));
#2320 = SURFACE_CURVE('',#2321,(#2326,#2333),.PCURVE_S1.);
#2321 = CIRCLE('',#2322,2.);
#2322 = AXIS2_PLACEMENT_3D('',#2323,#2324,#2325);
#2323 = CARTESIAN_POINT('',(143.,101.,790.));
#2324 = DIRECTION('',(0.,0.,1.));
#2325 = DIRECTION('',(0.,-1.,0.));
#2326 = PCURVE('',#2050,#2327);
#2327 = DEFINITIONAL_REPRESENTATION('',(#2328),#2332);
#2328 = CIRCLE('',#2329,2.);
#2329 = AXIS2_PLACEMENT_2D('',#2330,#2331);
#2330 = CARTESIAN_POINT('',(20.,24.));
#2331 = DIRECTION('',(0.,-1.));
#2332 = ( GEOMETRIC_REPRESENTATION_CONTEXT(2) 
PARAMETRIC_REPRESENTATION_CONTEXT() REPRESENTATION_CONTEXT('2D SPACE',''
  ) );
#2333 = PCURVE('',#2334,#2339);
#2334 = CYLINDRICAL_SURFACE('',#2335,2.);
#2335 = AXIS2_PLACEMENT_3D('',#2336,#2337,#2338);
#2336 = CARTESIAN_POINT('',(143.,101.,700.));
#2337 = DIRECTION('',(0.,0.,1.));
#2338 = DIRECTION('',(1.,0.,-0.));
#2339 = DEFINITIONAL_REPRESENTATION('',(#2340),#2344);
#2340 = LINE('',#2341,#2342);
#2341 = CARTESIAN_POINT('',(-1.570796326795,90.));
#2342 = VECTOR('',#2343,1.);
#2343 = DIRECTION('',(1.,0.));
#2344 = ( GEOMETRIC_REPRESENTATION_CONTEXT(2) 
PARAMETRIC_REPRESENTATION_CONTEXT() REPRESENTATION_CONTEXT('2D SPACE',''
  ) );
#2345 = ORIENTED_EDGE('',*,*,#2346,.F.);
#2346 = EDGE_CURVE('',#2347,#2318,#2349,.T.);
#2347 = VERTEX_POINT('',#2348);
#2348 = CARTESIAN_POINT('',(125.,103.,790.));
#2349 = SURFACE_CURVE('',#2350,(#2354,#2361),.PCURVE_S1.);
#2350 = LINE('',#2351,#2352);
#2351 = CARTESIAN_POINT('',(123.,103.,790.));
#2352 = VECTOR('',#2353,1.);
#2353 = DIRECTION('',(1.,0.,0.));
#2354 = PCURVE('',#2050,#2355);
#2355 = DEFINITIONAL_REPRESENTATION('',(#2356),#2360);
#2356 = LINE('',#2357,#2358);
#2357 = CARTESIAN_POINT('',(0.,26.));
#2358 = VECTOR('',#2359,1.);
#2359 = DIRECTION('',(1.,0.));
#2360 = ( GEOMETRIC_REPRESENTATION_CONTEXT(2) 
PARAMETRIC_REPRESENTATION_CONTEXT() REPRESENTATION_CONTEXT('2D SPACE',''
  ) );
#2361 = PCURVE('',#2362,#2367);
#2362 = PLANE('',#2363);
#2363 = AXIS2_PLACEMENT_3D('',#2364,#2365,#2366);
#2364 = CARTESIAN_POINT('',(123.,103.,700.));
#2365 = DIRECTION('',(0.,1.,0.));
#2366 = DIRECTION('',(0.,0.,1.));
#2367 = DEFINITIONAL_REPRESENTATION('',(#2368),#2372);
#2368 = LINE('',#2369,#2370);
#2369 = CARTESIAN_POINT('',(90.,0.));
#2370 = VECTOR('',#2371,1.);
#2371 = DIRECTION('',(0.,1.));
#2372 = ( GEOMETRIC_REPRESENTATION_CONTEXT(2) 
PARAMETRIC_REPRESENTATION_CONTEXT() REPRESENTATION_CONTEXT('2D SPACE',''
  ) );
#2373 = ORIENTED_EDGE('',*,*,#2374,.F.);
#2374 = EDGE_CURVE('',#2030,#2347,#2375,.T.);
#2375 = SURFACE_CURVE('',#2376,(#2381,#2392),.PCURVE_S1.);
#2376 = CIRCLE('',#2377,2.);
#2377 = AXIS2_PLACEMENT_3D('',#2378,#2379,#2380);
#2378 = CARTESIAN_POINT('',(125.,101.,790.));
#2379 = DIRECTION('',(-0.,-0.,-1.));
#2380 = DIRECTION('',(0.,-1.,0.));
#2381 = PCURVE('',#2050,#2382);
#2382 = DEFINITIONAL_REPRESENTATION('',(#2383),#2391);
#2383 = ( BOUNDED_CURVE() B_SPLINE_CURVE(2,(#2384,#2385,#2386,#2387,
#2388,#2389,#2390),.UNSPECIFIED.,.T.,.F.) B_SPLINE_CURVE_WITH_KNOTS((1,2
    ,2,2,2,1),(-2.094395102393,0.,2.094395102393,4.188790204786,
6.28318530718,8.377580409573),.UNSPECIFIED.) CURVE() 
GEOMETRIC_REPRESENTATION_ITEM() RATIONAL_B_SPLINE_CURVE((1.,0.5,1.,0.5,
1.,0.5,1.)) REPRESENTATION_ITEM('') );
#2384 = CARTESIAN_POINT('',(2.,22.));
#2385 = CARTESIAN_POINT('',(-1.464101615138,22.));
#2386 = CARTESIAN_POINT('',(0.267949192431,25.));
#2387 = CARTESIAN_POINT('',(2.,28.));
#2388 = CARTESIAN_POINT('',(3.732050807569,25.));
#2389 = CARTESIAN_POINT('',(5.464101615138,22.));
#2390 = CARTESIAN_POINT('',(2.,22.));
#2391 = ( GEOMETRIC_REPRESENTATION_CONTEXT(2) 
PARAMETRIC_REPRESENTATION_CONTEXT() REPRESENTATION_CONTEXT('2D SPACE',''
  ) );
#2392 = PCURVE('',#2132,#2393);
#2393 = DEFINITIONAL_REPRESENTATION('',(#2394),#2398);
#2394 = LINE('',#2395,#2396);
#2395 = CARTESIAN_POINT('',(1.570796326795,90.));
#2396 = VECTOR('',#2397,1.);
#2397 = DIRECTION('',(-1.,0.));
#2398 = ( GEOMETRIC_REPRESENTATION_CONTEXT(2) 
PARAMETRIC_REPRESENTATION_CONTEXT() REPRESENTATION_CONTEXT('2D SPACE',''
  ) );
#2399 = ADVANCED_FACE('',(#2400),#2078,.T.);
#2400 = FACE_BOUND('',#2401,.T.);
#2401 = EDGE_LOOP('',(#2402,#2426,#2447,#2448));
#2402 = ORIENTED_EDGE('',*,*,#2403,.T.);
#2403 = EDGE_CURVE('',#2063,#2404,#2406,.T.);
#2404 = VERTEX_POINT('',#2405);
#2405 = CARTESIAN_POINT('',(125.,77.,700.));
#2406 = SURFACE_CURVE('',#2407,(#2412,#2419),.PCURVE_S1.);
#2407 = CIRCLE('',#2408,2.);
#2408 = AXIS2_PLACEMENT_3D('',#2409,#2410,#2411);
#2409 = CARTESIAN_POINT('',(125.,79.,700.));
#2410 = DIRECTION('',(0.,0.,1.));
#2411 = DIRECTION('',(0.,-1.,0.));
#2412 = PCURVE('',#2078,#2413);
#2413 = DEFINITIONAL_REPRESENTATION('',(#2414),#2418);
#2414 = LINE('',#2415,#2416);
#2415 = CARTESIAN_POINT('',(-4.712388980385,0.));
#2416 = VECTOR('',#2417,1.);
#2417 = DIRECTION('',(1.,0.));
#2418 = ( GEOMETRIC_REPRESENTATION_CONTEXT(2) 
PARAMETRIC_REPRESENTATION_CONTEXT() REPRESENTATION_CONTEXT('2D SPACE',''
  ) );
#2419 = PCURVE('',#2106,#2420);
#2420 = DEFINITIONAL_REPRESENTATION('',(#2421),#2425);
#2421 = CIRCLE('',#2422,2.);
#2422 = AXIS2_PLACEMENT_2D('',#2423,#2424);
#2423 = CARTESIAN_POINT('',(2.,2.));
#2424 = DIRECTION('',(0.,-1.));
#2425 = ( GEOMETRIC_REPRESENTATION_CONTEXT(2) 
PARAMETRIC_REPRESENTATION_CONTEXT() REPRESENTATION_CONTEXT('2D SPACE',''
  ) );
#2426 = ORIENTED_EDGE('',*,*,#2427,.T.);
#2427 = EDGE_CURVE('',#2404,#2149,#2428,.T.);
#2428 = SURFACE_CURVE('',#2429,(#2433,#2440),.PCURVE_S1.);
#2429 = LINE('',#2430,#2431);
#2430 = CARTESIAN_POINT('',(125.,77.,700.));
#2431 = VECTOR('',#2432,1.);
#2432 = DIRECTION('',(0.,0.,1.));
#2433 = PCURVE('',#2078,#2434);
#2434 = DEFINITIONAL_REPRESENTATION('',(#2435),#2439);
#2435 = LINE('',#2436,#2437);
#2436 = CARTESIAN_POINT('',(1.570796326795,0.));
#2437 = VECTOR('',#2438,1.);
#2438 = DIRECTION('',(0.,1.));
#2439 = ( GEOMETRIC_REPRESENTATION_CONTEXT(2) 
PARAMETRIC_REPRESENTATION_CONTEXT() REPRESENTATION_CONTEXT('2D SPACE',''
  ) );
#2440 = PCURVE('',#2188,#2441);
#2441 = DEFINITIONAL_REPRESENTATION('',(#2442),#2446);
#2442 = LINE('',#2443,#2444);
#2443 = CARTESIAN_POINT('',(0.,2.));
#2444 = VECTOR('',#2445,1.);
#2445 = DIRECTION('',(1.,0.));
#2446 = ( GEOMETRIC_REPRESENTATION_CONTEXT(2) 
PARAMETRIC_REPRESENTATION_CONTEXT() REPRESENTATION_CONTEXT('2D SPACE',''
  ) );
#2447 = ORIENTED_EDGE('',*,*,#2148,.F.);
#2448 = ORIENTED_EDGE('',*,*,#2062,.F.);
#2449 = ADVANCED_FACE('',(#2450),#2132,.T.);
#2450 = FACE_BOUND('',#2451,.F.);
#2451 = EDGE_LOOP('',(#2452,#2480,#2501,#2502));
#2452 = ORIENTED_EDGE('',*,*,#2453,.T.);
#2453 = EDGE_CURVE('',#2091,#2454,#2456,.T.);
#2454 = VERTEX_POINT('',#2455);
#2455 = CARTESIAN_POINT('',(125.,103.,700.));
#2456 = SURFACE_CURVE('',#2457,(#2462,#2469),.PCURVE_S1.);
#2457 = CIRCLE('',#2458,2.);
#2458 = AXIS2_PLACEMENT_3D('',#2459,#2460,#2461);
#2459 = CARTESIAN_POINT('',(125.,101.,700.));
#2460 = DIRECTION('',(-0.,-0.,-1.));
#2461 = DIRECTION('',(0.,-1.,0.));
#2462 = PCURVE('',#2132,#2463);
#2463 = DEFINITIONAL_REPRESENTATION('',(#2464),#2468);
#2464 = LINE('',#2465,#2466);
#2465 = CARTESIAN_POINT('',(1.570796326795,-0.));
#2466 = VECTOR('',#2467,1.);
#2467 = DIRECTION('',(-1.,0.));
#2468 = ( GEOMETRIC_REPRESENTATION_CONTEXT(2) 
PARAMETRIC_REPRESENTATION_CONTEXT() REPRESENTATION_CONTEXT('2D SPACE',''
  ) );
#2469 = PCURVE('',#2106,#2470);
#2470 = DEFINITIONAL_REPRESENTATION('',(#2471),#2479);
#2471 = ( BOUNDED_CURVE() B_SPLINE_CURVE(2,(#2472,#2473,#2474,#2475,
#2476,#2477,#2478),.UNSPECIFIED.,.T.,.F.) B_SPLINE_CURVE_WITH_KNOTS((1,2
    ,2,2,2,1),(-2.094395102393,0.,2.094395102393,4.188790204786,
6.28318530718,8.377580409573),.UNSPECIFIED.) CURVE() 
GEOMETRIC_REPRESENTATION_ITEM() RATIONAL_B_SPLINE_CURVE((1.,0.5,1.,0.5,
1.,0.5,1.)) REPRESENTATION_ITEM('') );
#2472 = CARTESIAN_POINT('',(2.,22.));
#2473 = CARTESIAN_POINT('',(-1.464101615138,22.));
#2474 = CARTESIAN_POINT('',(0.267949192431,25.));
#2475 = CARTESIAN_POINT('',(2.,28.));
#2476 = CARTESIAN_POINT('',(3.732050807569,25.));
#2477 = CARTESIAN_POINT('',(5.464101615138,22.));
#2478 = CARTESIAN_POINT('',(2.,22.));
#2479 = ( GEOMETRIC_REPRESENTATION_CONTEXT(2) 
PARAMETRIC_REPRESENTATION_CONTEXT() REPRESENTATION_CONTEXT('2D SPACE',''
  ) );
#2480 = ORIENTED_EDGE('',*,*,#2481,.T.);
#2481 = EDGE_CURVE('',#2454,#2347,#2482,.T.);
#2482 = SURFACE_CURVE('',#2483,(#2487,#2494),.PCURVE_S1.);
#2483 = LINE('',#2484,#2485);
#2484 = CARTESIAN_POINT('',(125.,103.,700.));
#2485 = VECTOR('',#2486,1.);
#2486 = DIRECTION('',(0.,0.,1.));
#2487 = PCURVE('',#2132,#2488);
#2488 = DEFINITIONAL_REPRESENTATION('',(#2489),#2493);
#2489 = LINE('',#2490,#2491);
#2490 = CARTESIAN_POINT('',(-1.570796326795,0.));
#2491 = VECTOR('',#2492,1.);
#2492 = DIRECTION('',(-0.,1.));
#2493 = ( GEOMETRIC_REPRESENTATION_CONTEXT(2) 
PARAMETRIC_REPRESENTATION_CONTEXT() REPRESENTATION_CONTEXT('2D SPACE',''
  ) );
#2494 = PCURVE('',#2362,#2495);
#2495 = DEFINITIONAL_REPRESENTATION('',(#2496),#2500);
#2496 = LINE('',#2497,#2498);
#2497 = CARTESIAN_POINT('',(0.,2.));
#2498 = VECTOR('',#2499,1.);
#2499 = DIRECTION('',(1.,0.));
#2500 = ( GEOMETRIC_REPRESENTATION_CONTEXT(2) 
PARAMETRIC_REPRESENTATION_CONTEXT() REPRESENTATION_CONTEXT('2D SPACE',''
  ) );
#2501 = ORIENTED_EDGE('',*,*,#2374,.F.);
#2502 = ORIENTED_EDGE('',*,*,#2118,.F.);
#2503 = ADVANCED_FACE('',(#2504),#2106,.F.);
#2504 = FACE_BOUND('',#2505,.F.);
#2505 = EDGE_LOOP('',(#2506,#2507,#2508,#2531,#2559,#2582,#2606,#2627));
#2506 = ORIENTED_EDGE('',*,*,#2090,.F.);
#2507 = ORIENTED_EDGE('',*,*,#2403,.T.);
#2508 = ORIENTED_EDGE('',*,*,#2509,.T.);
#2509 = EDGE_CURVE('',#2404,#2510,#2512,.T.);
#2510 = VERTEX_POINT('',#2511);
#2511 = CARTESIAN_POINT('',(143.,77.,700.));
#2512 = SURFACE_CURVE('',#2513,(#2517,#2524),.PCURVE_S1.);
#2513 = LINE('',#2514,#2515);
#2514 = CARTESIAN_POINT('',(123.,77.,700.));
#2515 = VECTOR('',#2516,1.);
#2516 = DIRECTION('',(1.,0.,0.));
#2517 = PCURVE('',#2106,#2518);
#2518 = DEFINITIONAL_REPRESENTATION('',(#2519),#2523);
#2519 = LINE('',#2520,#2521);
#2520 = CARTESIAN_POINT('',(0.,0.));
#2521 = VECTOR('',#2522,1.);
#2522 = DIRECTION('',(1.,0.));
#2523 = ( GEOMETRIC_REPRESENTATION_CONTEXT(2) 
PARAMETRIC_REPRESENTATION_CONTEXT() REPRESENTATION_CONTEXT('2D SPACE',''
  ) );
#2524 = PCURVE('',#2188,#2525);
#2525 = DEFINITIONAL_REPRESENTATION('',(#2526),#2530);
#2526 = LINE('',#2527,#2528);
#2527 = CARTESIAN_POINT('',(0.,0.));
#2528 = VECTOR('',#2529,1.);
#2529 = DIRECTION('',(0.,1.));
#2530 = ( GEOMETRIC_REPRESENTATION_CONTEXT(2) 
PARAMETRIC_REPRESENTATION_CONTEXT() REPRESENTATION_CONTEXT('2D SPACE',''
  ) );
#2531 = ORIENTED_EDGE('',*,*,#2532,.F.);
#2532 = EDGE_CURVE('',#2533,#2510,#2535,.T.);
#2533 = VERTEX_POINT('',#2534);
#2534 = CARTESIAN_POINT('',(145.,79.,700.));
#2535 = SURFACE_CURVE('',#2536,(#2541,#2552),.PCURVE_S1.);
#2536 = CIRCLE('',#2537,2.);
#2537 = AXIS2_PLACEMENT_3D('',#2538,#2539,#2540);
#2538 = CARTESIAN_POINT('',(143.,79.,700.));
#2539 = DIRECTION('',(-0.,-0.,-1.));
#2540 = DIRECTION('',(0.,-1.,0.));
#2541 = PCURVE('',#2106,#2542);
#2542 = DEFINITIONAL_REPRESENTATION('',(#2543),#2551);
#2543 = ( BOUNDED_CURVE() B_SPLINE_CURVE(2,(#2544,#2545,#2546,#2547,
#2548,#2549,#2550),.UNSPECIFIED.,.T.,.F.) B_SPLINE_CURVE_WITH_KNOTS((1,2
    ,2,2,2,1),(-2.094395102393,0.,2.094395102393,4.188790204786,
6.28318530718,8.377580409573),.UNSPECIFIED.) CURVE() 
GEOMETRIC_REPRESENTATION_ITEM() RATIONAL_B_SPLINE_CURVE((1.,0.5,1.,0.5,
1.,0.5,1.)) REPRESENTATION_ITEM('') );
#2544 = CARTESIAN_POINT('',(20.,0.));
#2545 = CARTESIAN_POINT('',(16.535898384862,0.));
#2546 = CARTESIAN_POINT('',(18.267949192431,3.));
#2547 = CARTESIAN_POINT('',(20.,6.));
#2548 = CARTESIAN_POINT('',(21.732050807569,3.));
#2549 = CARTESIAN_POINT('',(23.464101615138,3.10862446895E-15));
#2550 = CARTESIAN_POINT('',(20.,0.));
#2551 = ( GEOMETRIC_REPRESENTATION_CONTEXT(2) 
PARAMETRIC_REPRESENTATION_CONTEXT() REPRESENTATION_CONTEXT('2D SPACE',''
  ) );
#2552 = PCURVE('',#2221,#2553);
#2553 = DEFINITIONAL_REPRESENTATION('',(#2554),#2558);
#2554 = LINE('',#2555,#2556);
#2555 = CARTESIAN_POINT('',(4.712388980385,-0.));
#2556 = VECTOR('',#2557,1.);
#2557 = DIRECTION('',(-1.,0.));
#2558 = ( GEOMETRIC_REPRESENTATION_CONTEXT(2) 
PARAMETRIC_REPRESENTATION_CONTEXT() REPRESENTATION_CONTEXT('2D SPACE',''
  ) );
#2559 = ORIENTED_EDGE('',*,*,#2560,.T.);
#2560 = EDGE_CURVE('',#2533,#2561,#2563,.T.);
#2561 = VERTEX_POINT('',#2562);
#2562 = CARTESIAN_POINT('',(145.,101.,700.));
#2563 = SURFACE_CURVE('',#2564,(#2568,#2575),.PCURVE_S1.);
#2564 = LINE('',#2565,#2566);
#2565 = CARTESIAN_POINT('',(145.,77.,700.));
#2566 = VECTOR('',#2567,1.);
#2567 = DIRECTION('',(0.,1.,0.));
#2568 = PCURVE('',#2106,#2569);
#2569 = DEFINITIONAL_REPRESENTATION('',(#2570),#2574);
#2570 = LINE('',#2571,#2572);
#2571 = CARTESIAN_POINT('',(22.,0.));
#2572 = VECTOR('',#2573,1.);
#2573 = DIRECTION('',(0.,1.));
#2574 = ( GEOMETRIC_REPRESENTATION_CONTEXT(2) 
PARAMETRIC_REPRESENTATION_CONTEXT() REPRESENTATION_CONTEXT('2D SPACE',''
  ) );
#2575 = PCURVE('',#2249,#2576);
#2576 = DEFINITIONAL_REPRESENTATION('',(#2577),#2581);
#2577 = LINE('',#2578,#2579);
#2578 = CARTESIAN_POINT('',(0.,0.));
#2579 = VECTOR('',#2580,1.);
#2580 = DIRECTION('',(0.,-1.));
#2581 = ( GEOMETRIC_REPRESENTATION_CONTEXT(2) 
PARAMETRIC_REPRESENTATION_CONTEXT() REPRESENTATION_CONTEXT('2D SPACE',''
  ) );
#2582 = ORIENTED_EDGE('',*,*,#2583,.T.);
#2583 = EDGE_CURVE('',#2561,#2584,#2586,.T.);
#2584 = VERTEX_POINT('',#2585);
#2585 = CARTESIAN_POINT('',(143.,103.,700.));
#2586 = SURFACE_CURVE('',#2587,(#2592,#2599),.PCURVE_S1.);
#2587 = CIRCLE('',#2588,2.);
#2588 = AXIS2_PLACEMENT_3D('',#2589,#2590,#2591);
#2589 = CARTESIAN_POINT('',(143.,101.,700.));
#2590 = DIRECTION('',(0.,0.,1.));
#2591 = DIRECTION('',(0.,-1.,0.));
#2592 = PCURVE('',#2106,#2593);
#2593 = DEFINITIONAL_REPRESENTATION('',(#2594),#2598);
#2594 = CIRCLE('',#2595,2.);
#2595 = AXIS2_PLACEMENT_2D('',#2596,#2597);
#2596 = CARTESIAN_POINT('',(20.,24.));
#2597 = DIRECTION('',(0.,-1.));
#2598 = ( GEOMETRIC_REPRESENTATION_CONTEXT(2) 
PARAMETRIC_REPRESENTATION_CONTEXT() REPRESENTATION_CONTEXT('2D SPACE',''
  ) );
#2599 = PCURVE('',#2334,#2600);
#2600 = DEFINITIONAL_REPRESENTATION('',(#2601),#2605);
#2601 = LINE('',#2602,#2603);
#2602 = CARTESIAN_POINT('',(-1.570796326795,0.));
#2603 = VECTOR('',#2604,1.);
#2604 = DIRECTION('',(1.,0.));
#2605 = ( GEOMETRIC_REPRESENTATION_CONTEXT(2) 
PARAMETRIC_REPRESENTATION_CONTEXT() REPRESENTATION_CONTEXT('2D SPACE',''
  ) );
#2606 = ORIENTED_EDGE('',*,*,#2607,.F.);
#2607 = EDGE_CURVE('',#2454,#2584,#2608,.T.);
#2608 = SURFACE_CURVE('',#2609,(#2613,#2620),.PCURVE_S1.);
#2609 = LINE('',#2610,#2611);
#2610 = CARTESIAN_POINT('',(123.,103.,700.));
#2611 = VECTOR('',#2612,1.);
#2612 = DIRECTION('',(1.,0.,0.));
#2613 = PCURVE('',#2106,#2614);
#2614 = DEFINITIONAL_REPRESENTATION('',(#2615),#2619);
#2615 = LINE('',#2616,#2617);
#2616 = CARTESIAN_POINT('',(0.,26.));
#2617 = VECTOR('',#2618,1.);
#2618 = DIRECTION('',(1.,0.));
#2619 = ( GEOMETRIC_REPRESENTATION_CONTEXT(2) 
PARAMETRIC_REPRESENTATION_CONTEXT() REPRESENTATION_CONTEXT('2D SPACE',''
  ) );
#2620 = PCURVE('',#2362,#2621);
#2621 = DEFINITIONAL_REPRESENTATION('',(#2622),#2626);
#2622 = LINE('',#2623,#2624);
#2623 = CARTESIAN_POINT('',(0.,0.));
#2624 = VECTOR('',#2625,1.);
#2625 = DIRECTION('',(0.,1.));
#2626 = ( GEOMETRIC_REPRESENTATION_CONTEXT(2) 
PARAMETRIC_REPRESENTATION_CONTEXT() REPRESENTATION_CONTEXT('2D SPACE',''
  ) );
#2627 = ORIENTED_EDGE('',*,*,#2453,.F.);
#2628 = ADVANCED_FACE('',(#2629),#2362,.T.);
#2629 = FACE_BOUND('',#2630,.T.);
#2630 = EDGE_LOOP('',(#2631,#2632,#2633,#2634));
#2631 = ORIENTED_EDGE('',*,*,#2607,.F.);
#2632 = ORIENTED_EDGE('',*,*,#2481,.T.);
#2633 = ORIENTED_EDGE('',*,*,#2346,.T.);
#2634 = ORIENTED_EDGE('',*,*,#2635,.F.);
#2635 = EDGE_CURVE('',#2584,#2318,#2636,.T.);
#2636 = SURFACE_CURVE('',#2637,(#2641,#2648),.PCURVE_S1.);
#2637 = LINE('',#2638,#2639);
#2638 = CARTESIAN_POINT('',(143.,103.,700.));
#2639 = VECTOR('',#2640,1.);
#2640 = DIRECTION('',(0.,0.,1.));
#2641 = PCURVE('',#2362,#2642);
#2642 = DEFINITIONAL_REPRESENTATION('',(#2643),#2647);
#2643 = LINE('',#2644,#2645);
#2644 = CARTESIAN_POINT('',(0.,20.));
#2645 = VECTOR('',#2646,1.);
#2646 = DIRECTION('',(1.,0.));
#2647 = ( GEOMETRIC_REPRESENTATION_CONTEXT(2) 
PARAMETRIC_REPRESENTATION_CONTEXT() REPRESENTATION_CONTEXT('2D SPACE',''
  ) );
#2648 = PCURVE('',#2334,#2649);
#2649 = DEFINITIONAL_REPRESENTATION('',(#2650),#2654);
#2650 = LINE('',#2651,#2652);
#2651 = CARTESIAN_POINT('',(1.570796326795,0.));
#2652 = VECTOR('',#2653,1.);
#2653 = DIRECTION('',(0.,1.));
#2654 = ( GEOMETRIC_REPRESENTATION_CONTEXT(2) 
PARAMETRIC_REPRESENTATION_CONTEXT() REPRESENTATION_CONTEXT('2D SPACE',''
  ) );
#2655 = ADVANCED_FACE('',(#2656),#2334,.T.);
#2656 = FACE_BOUND('',#2657,.T.);
#2657 = EDGE_LOOP('',(#2658,#2659,#2660,#2661));
#2658 = ORIENTED_EDGE('',*,*,#2583,.T.);
#2659 = ORIENTED_EDGE('',*,*,#2635,.T.);
#2660 = ORIENTED_EDGE('',*,*,#2317,.F.);
#2661 = ORIENTED_EDGE('',*,*,#2662,.F.);
#2662 = EDGE_CURVE('',#2561,#2295,#2663,.T.);
#2663 = SURFACE_CURVE('',#2664,(#2668,#2675),.PCURVE_S1.);
#2664 = LINE('',#2665,#2666);
#2665 = CARTESIAN_POINT('',(145.,101.,700.));
#2666 = VECTOR('',#2667,1.);
#2667 = DIRECTION('',(0.,0.,1.));
#2668 = PCURVE('',#2334,#2669);
#2669 = DEFINITIONAL_REPRESENTATION('',(#2670),#2674);
#2670 = LINE('',#2671,#2672);
#2671 = CARTESIAN_POINT('',(0.,0.));
#2672 = VECTOR('',#2673,1.);
#2673 = DIRECTION('',(0.,1.));
#2674 = ( GEOMETRIC_REPRESENTATION_CONTEXT(2) 
PARAMETRIC_REPRESENTATION_CONTEXT() REPRESENTATION_CONTEXT('2D SPACE',''
  ) );
#2675 = PCURVE('',#2249,#2676);
#2676 = DEFINITIONAL_REPRESENTATION('',(#2677),#2681);
#2677 = LINE('',#2678,#2679);
#2678 = CARTESIAN_POINT('',(0.,-24.));
#2679 = VECTOR('',#2680,1.);
#2680 = DIRECTION('',(1.,0.));
#2681 = ( GEOMETRIC_REPRESENTATION_CONTEXT(2) 
PARAMETRIC_REPRESENTATION_CONTEXT() REPRESENTATION_CONTEXT('2D SPACE',''
  ) );
#2682 = ADVANCED_FACE('',(#2683),#2249,.T.);
#2683 = FACE_BOUND('',#2684,.T.);
#2684 = EDGE_LOOP('',(#2685,#2686,#2707,#2708,#2709,#2710,#2731,#2757));
#2685 = ORIENTED_EDGE('',*,*,#2233,.F.);
#2686 = ORIENTED_EDGE('',*,*,#2687,.F.);
#2687 = EDGE_CURVE('',#2533,#2201,#2688,.T.);
#2688 = SURFACE_CURVE('',#2689,(#2693,#2700),.PCURVE_S1.);
#2689 = LINE('',#2690,#2691);
#2690 = CARTESIAN_POINT('',(145.,79.,700.));
#2691 = VECTOR('',#2692,1.);
#2692 = DIRECTION('',(0.,0.,1.));
#2693 = PCURVE('',#2249,#2694);
#2694 = DEFINITIONAL_REPRESENTATION('',(#2695),#2699);
#2695 = LINE('',#2696,#2697);
#2696 = CARTESIAN_POINT('',(0.,-2.));
#2697 = VECTOR('',#2698,1.);
#2698 = DIRECTION('',(1.,0.));
#2699 = ( GEOMETRIC_REPRESENTATION_CONTEXT(2) 
PARAMETRIC_REPRESENTATION_CONTEXT() REPRESENTATION_CONTEXT('2D SPACE',''
  ) );
#2700 = PCURVE('',#2221,#2701);
#2701 = DEFINITIONAL_REPRESENTATION('',(#2702),#2706);
#2702 = LINE('',#2703,#2704);
#2703 = CARTESIAN_POINT('',(-0.,0.));
#2704 = VECTOR('',#2705,1.);
#2705 = DIRECTION('',(-0.,1.));
#2706 = ( GEOMETRIC_REPRESENTATION_CONTEXT(2) 
PARAMETRIC_REPRESENTATION_CONTEXT() REPRESENTATION_CONTEXT('2D SPACE',''
  ) );
#2707 = ORIENTED_EDGE('',*,*,#2560,.T.);
#2708 = ORIENTED_EDGE('',*,*,#2662,.T.);
#2709 = ORIENTED_EDGE('',*,*,#2294,.F.);
#2710 = ORIENTED_EDGE('',*,*,#2711,.T.);
#2711 = EDGE_CURVE('',#2262,#2712,#2714,.T.);
#2712 = VERTEX_POINT('',#2713);
#2713 = CARTESIAN_POINT('',(145.,91.562049935181,706.));
#2714 = SURFACE_CURVE('',#2715,(#2719,#2725),.PCURVE_S1.);
#2715 = LINE('',#2716,#2717);
#2716 = CARTESIAN_POINT('',(145.,91.562049935181,706.));
#2717 = VECTOR('',#2718,1.);
#2718 = DIRECTION('',(-0.,-0.,-1.));
#2719 = PCURVE('',#2249,#2720);
#2720 = DEFINITIONAL_REPRESENTATION('',(#2721),#2724);
#2721 = B_SPLINE_CURVE_WITH_KNOTS('',1,(#2722,#2723),.UNSPECIFIED.,.F.,
  .F.,(2,2),(-85.0000006,6.000000212225E-07),.PIECEWISE_BEZIER_KNOTS.);
#2722 = CARTESIAN_POINT('',(91.0000006,-14.56204993518));
#2723 = CARTESIAN_POINT('',(5.9999994,-14.56204993518));
#2724 = ( GEOMETRIC_REPRESENTATION_CONTEXT(2) 
PARAMETRIC_REPRESENTATION_CONTEXT() REPRESENTATION_CONTEXT('2D SPACE',''
  ) );
#2725 = PCURVE('',#2282,#2726);
#2726 = DEFINITIONAL_REPRESENTATION('',(#2727),#2730);
#2727 = B_SPLINE_CURVE_WITH_KNOTS('',1,(#2728,#2729),.UNSPECIFIED.,.F.,
  .F.,(2,2),(-85.0000006,6.000000212225E-07),.PIECEWISE_BEZIER_KNOTS.);
#2728 = CARTESIAN_POINT('',(-0.254688054269,-85.0000006));
#2729 = CARTESIAN_POINT('',(-0.254688054269,6.000000212225E-07));
#2730 = ( GEOMETRIC_REPRESENTATION_CONTEXT(2) 
PARAMETRIC_REPRESENTATION_CONTEXT() REPRESENTATION_CONTEXT('2D SPACE',''
  ) );
#2731 = ORIENTED_EDGE('',*,*,#2732,.T.);
#2732 = EDGE_CURVE('',#2712,#2733,#2735,.T.);
#2733 = VERTEX_POINT('',#2734);
#2734 = CARTESIAN_POINT('',(145.,88.437950064819,706.));
#2735 = SURFACE_CURVE('',#2736,(#2740,#2746),.PCURVE_S1.);
#2736 = LINE('',#2737,#2738);
#2737 = CARTESIAN_POINT('',(145.,83.5,706.));
#2738 = VECTOR('',#2739,1.);
#2739 = DIRECTION('',(0.,-1.,0.));
#2740 = PCURVE('',#2249,#2741);
#2741 = DEFINITIONAL_REPRESENTATION('',(#2742),#2745);
#2742 = B_SPLINE_CURVE_WITH_KNOTS('',1,(#2743,#2744),.UNSPECIFIED.,.F.,
  .F.,(2,2),(-12.7,-0.3),.PIECEWISE_BEZIER_KNOTS.);
#2743 = CARTESIAN_POINT('',(6.,-19.2));
#2744 = CARTESIAN_POINT('',(6.,-6.8));
#2745 = ( GEOMETRIC_REPRESENTATION_CONTEXT(2) 
PARAMETRIC_REPRESENTATION_CONTEXT() REPRESENTATION_CONTEXT('2D SPACE',''
  ) );
#2746 = PCURVE('',#2747,#2752);
#2747 = PLANE('',#2748);
#2748 = AXIS2_PLACEMENT_3D('',#2749,#2750,#2751);
#2749 = CARTESIAN_POINT('',(139.,90.,706.));
#2750 = DIRECTION('',(0.,0.,1.));
#2751 = DIRECTION('',(1.,0.,-0.));
#2752 = DEFINITIONAL_REPRESENTATION('',(#2753),#2756);
#2753 = B_SPLINE_CURVE_WITH_KNOTS('',1,(#2754,#2755),.UNSPECIFIED.,.F.,
  .F.,(2,2),(-12.7,-0.3),.PIECEWISE_BEZIER_KNOTS.);
#2754 = CARTESIAN_POINT('',(6.,6.2));
#2755 = CARTESIAN_POINT('',(6.,-6.2));
#2756 = ( GEOMETRIC_REPRESENTATION_CONTEXT(2) 
PARAMETRIC_REPRESENTATION_CONTEXT() REPRESENTATION_CONTEXT('2D SPACE',''
  ) );
#2757 = ORIENTED_EDGE('',*,*,#2758,.F.);
#2758 = EDGE_CURVE('',#2234,#2733,#2759,.T.);
#2759 = SURFACE_CURVE('',#2760,(#2764,#2770),.PCURVE_S1.);
#2760 = LINE('',#2761,#2762);
#2761 = CARTESIAN_POINT('',(145.,88.437950064819,706.));
#2762 = VECTOR('',#2763,1.);
#2763 = DIRECTION('',(-0.,-0.,-1.));
#2764 = PCURVE('',#2249,#2765);
#2765 = DEFINITIONAL_REPRESENTATION('',(#2766),#2769);
#2766 = B_SPLINE_CURVE_WITH_KNOTS('',1,(#2767,#2768),.UNSPECIFIED.,.F.,
  .F.,(2,2),(-85.0000006,6.000000212225E-07),.PIECEWISE_BEZIER_KNOTS.);
#2767 = CARTESIAN_POINT('',(91.0000006,-11.43795006481));
#2768 = CARTESIAN_POINT('',(5.9999994,-11.43795006481));
#2769 = ( GEOMETRIC_REPRESENTATION_CONTEXT(2) 
PARAMETRIC_REPRESENTATION_CONTEXT() REPRESENTATION_CONTEXT('2D SPACE',''
  ) );
#2770 = PCURVE('',#2282,#2771);
#2771 = DEFINITIONAL_REPRESENTATION('',(#2772),#2775);
#2772 = B_SPLINE_CURVE_WITH_KNOTS('',1,(#2773,#2774),.UNSPECIFIED.,.F.,
  .F.,(2,2),(-85.0000006,6.000000212225E-07),.PIECEWISE_BEZIER_KNOTS.);
#2773 = CARTESIAN_POINT('',(-6.02849725291,-85.0000006));
#2774 = CARTESIAN_POINT('',(-6.02849725291,6.000000212225E-07));
#2775 = ( GEOMETRIC_REPRESENTATION_CONTEXT(2) 
PARAMETRIC_REPRESENTATION_CONTEXT() REPRESENTATION_CONTEXT('2D SPACE',''
  ) );
#2776 = ADVANCED_FACE('',(#2777),#2282,.F.);
#2777 = FACE_BOUND('',#2778,.T.);
#2778 = EDGE_LOOP('',(#2779,#2801,#2802,#2803));
#2779 = ORIENTED_EDGE('',*,*,#2780,.F.);
#2780 = EDGE_CURVE('',#2712,#2733,#2781,.T.);
#2781 = SURFACE_CURVE('',#2782,(#2787,#2794),.PCURVE_S1.);
#2782 = CIRCLE('',#2783,6.2);
#2783 = AXIS2_PLACEMENT_3D('',#2784,#2785,#2786);
#2784 = CARTESIAN_POINT('',(139.,90.,706.));
#2785 = DIRECTION('',(0.,0.,1.));
#2786 = DIRECTION('',(1.,0.,0.));
#2787 = PCURVE('',#2282,#2788);
#2788 = DEFINITIONAL_REPRESENTATION('',(#2789),#2793);
#2789 = LINE('',#2790,#2791);
#2790 = CARTESIAN_POINT('',(-0.,0.));
#2791 = VECTOR('',#2792,1.);
#2792 = DIRECTION('',(-1.,0.));
#2793 = ( GEOMETRIC_REPRESENTATION_CONTEXT(2) 
PARAMETRIC_REPRESENTATION_CONTEXT() REPRESENTATION_CONTEXT('2D SPACE',''
  ) );
#2794 = PCURVE('',#2747,#2795);
#2795 = DEFINITIONAL_REPRESENTATION('',(#2796),#2800);
#2796 = CIRCLE('',#2797,6.2);
#2797 = AXIS2_PLACEMENT_2D('',#2798,#2799);
#2798 = CARTESIAN_POINT('',(0.,0.));
#2799 = DIRECTION('',(1.,0.));
#2800 = ( GEOMETRIC_REPRESENTATION_CONTEXT(2) 
PARAMETRIC_REPRESENTATION_CONTEXT() REPRESENTATION_CONTEXT('2D SPACE',''
  ) );
#2801 = ORIENTED_EDGE('',*,*,#2711,.F.);
#2802 = ORIENTED_EDGE('',*,*,#2261,.F.);
#2803 = ORIENTED_EDGE('',*,*,#2758,.T.);
#2804 = ADVANCED_FACE('',(#2805),#2221,.T.);
#2805 = FACE_BOUND('',#2806,.F.);
#2806 = EDGE_LOOP('',(#2807,#2808,#2829,#2830));
#2807 = ORIENTED_EDGE('',*,*,#2532,.T.);
#2808 = ORIENTED_EDGE('',*,*,#2809,.T.);
#2809 = EDGE_CURVE('',#2510,#2173,#2810,.T.);
#2810 = SURFACE_CURVE('',#2811,(#2815,#2822),.PCURVE_S1.);
#2811 = LINE('',#2812,#2813);
#2812 = CARTESIAN_POINT('',(143.,77.,700.));
#2813 = VECTOR('',#2814,1.);
#2814 = DIRECTION('',(0.,0.,1.));
#2815 = PCURVE('',#2221,#2816);
#2816 = DEFINITIONAL_REPRESENTATION('',(#2817),#2821);
#2817 = LINE('',#2818,#2819);
#2818 = CARTESIAN_POINT('',(-1.570796326795,0.));
#2819 = VECTOR('',#2820,1.);
#2820 = DIRECTION('',(-0.,1.));
#2821 = ( GEOMETRIC_REPRESENTATION_CONTEXT(2) 
PARAMETRIC_REPRESENTATION_CONTEXT() REPRESENTATION_CONTEXT('2D SPACE',''
  ) );
#2822 = PCURVE('',#2188,#2823);
#2823 = DEFINITIONAL_REPRESENTATION('',(#2824),#2828);
#2824 = LINE('',#2825,#2826);
#2825 = CARTESIAN_POINT('',(0.,20.));
#2826 = VECTOR('',#2827,1.);
#2827 = DIRECTION('',(1.,0.));
#2828 = ( GEOMETRIC_REPRESENTATION_CONTEXT(2) 
PARAMETRIC_REPRESENTATION_CONTEXT() REPRESENTATION_CONTEXT('2D SPACE',''
  ) );
#2829 = ORIENTED_EDGE('',*,*,#2200,.F.);
#2830 = ORIENTED_EDGE('',*,*,#2687,.F.);
#2831 = ADVANCED_FACE('',(#2832),#2188,.F.);
#2832 = FACE_BOUND('',#2833,.F.);
#2833 = EDGE_LOOP('',(#2834,#2835,#2836,#2837));
#2834 = ORIENTED_EDGE('',*,*,#2509,.F.);
#2835 = ORIENTED_EDGE('',*,*,#2427,.T.);
#2836 = ORIENTED_EDGE('',*,*,#2172,.T.);
#2837 = ORIENTED_EDGE('',*,*,#2809,.F.);
#2838 = ADVANCED_FACE('',(#2839),#2747,.T.);
#2839 = FACE_BOUND('',#2840,.T.);
#2840 = EDGE_LOOP('',(#2841,#2842));
#2841 = ORIENTED_EDGE('',*,*,#2732,.F.);
#2842 = ORIENTED_EDGE('',*,*,#2780,.T.);
#2843 = ( GEOMETRIC_REPRESENTATION_CONTEXT(3) 
GLOBAL_UNCERTAINTY_ASSIGNED_CONTEXT((#2847)) 
GLOBAL_UNIT_ASSIGNED_CONTEXT((#2844,#2845,#2846)) REPRESENTATION_CONTEXT
('Context #1','3D Context with UNIT and UNCERTAINTY') );
#2844 = ( LENGTH_UNIT() NAMED_UNIT(*) SI_UNIT(.MILLI.,.METRE.) );
#2845 = ( NAMED_UNIT(*) PLANE_ANGLE_UNIT() SI_UNIT($,.RADIAN.) );
#2846 = ( NAMED_UNIT(*) SI_UNIT($,.STERADIAN.) SOLID_ANGLE_UNIT() );
#2847 = UNCERTAINTY_MEASURE_WITH_UNIT(LENGTH_MEASURE(1.E-07),#2844,
  'distance_accuracy_value','confusion accuracy');
#2848 = CONTEXT_DEPENDENT_SHAPE_REPRESENTATION(#2849,#2851);
#2849 = ( REPRESENTATION_RELATIONSHIP('','',#2020,#10) 
REPRESENTATION_RELATIONSHIP_WITH_TRANSFORMATION(#2850) 
SHAPE_REPRESENTATION_RELATIONSHIP() );
#2850 = ITEM_DEFINED_TRANSFORMATION('','',#11,#23);
#2851 = PRODUCT_DEFINITION_SHAPE('Placement','Placement of an item',
  #2852);
#2852 = NEXT_ASSEMBLY_USAGE_OCCURRENCE('3','socket_right','',#5,#2015,$
  );
#2853 = PRODUCT_RELATED_PRODUCT_CATEGORY('part',$,(#2017));
#2854 = MECHANICAL_DESIGN_GEOMETRIC_PRESENTATION_REPRESENTATION('',(
    #2855),#2002);
#2855 = STYLED_ITEM('color',(#2856),#1180);
#2856 = PRESENTATION_STYLE_ASSIGNMENT((#2857));
#2857 = SURFACE_STYLE_USAGE(.BOTH.,#2858);
#2858 = SURFACE_SIDE_STYLE('',(#2859));
#2859 = SURFACE_STYLE_FILL_AREA(#2860);
#2860 = FILL_AREA_STYLE('',(#2861));
#2861 = FILL_AREA_STYLE_COLOUR('',#2862);
#2862 = COLOUR_RGB('',0.139999997847,0.149999997808,0.1599999992);
#2863 = MECHANICAL_DESIGN_GEOMETRIC_PRESENTATION_REPRESENTATION('',(
    #2864),#2843);
#2864 = STYLED_ITEM('color',(#2865),#2021);
#2865 = PRESENTATION_STYLE_ASSIGNMENT((#2866));
#2866 = SURFACE_STYLE_USAGE(.BOTH.,#2867);
#2867 = SURFACE_SIDE_STYLE('',(#2868));
#2868 = SURFACE_STYLE_FILL_AREA(#2869);
#2869 = FILL_AREA_STYLE('',(#2870));
#2870 = FILL_AREA_STYLE_COLOUR('',#2862);
#2871 = MECHANICAL_DESIGN_GEOMETRIC_PRESENTATION_REPRESENTATION('',(
    #2872),#1161);
#2872 = STYLED_ITEM('color',(#2873),#41);
#2873 = PRESENTATION_STYLE_ASSIGNMENT((#2874));
#2874 = SURFACE_STYLE_USAGE(.BOTH.,#2875);
#2875 = SURFACE_SIDE_STYLE('',(#2876));
#2876 = SURFACE_STYLE_FILL_AREA(#2877);
#2877 = FILL_AREA_STYLE('',(#2878));
#2878 = FILL_AREA_STYLE_COLOUR('',#2879);
#2879 = COLOUR_RGB('',0.620000000292,0.640000008347,0.659999992303);
ENDSEC;
END-ISO-10303-21;
